split_id,split_index,set,row_index,ligand_id,activity
scaffold_00,0,train,0,1,1
scaffold_00,0,train,1,2,1
scaffold_00,0,train,2,3,1
scaffold_00,0,train,3,4,1
scaffold_00,0,train,4,5,1
scaffold_00,0,train,5,6,1
scaffold_00,0,train,6,7,1
scaffold_00,0,train,7,8,1
scaffold_00,0,train,8,9,1
scaffold_00,0,train,9,10,1
scaffold_00,0,train,10,11,1
scaffold_00,0,train,11,12,1
scaffold_00,0,train,12,13,1
scaffold_00,0,train,13,14,1
scaffold_00,0,train,14,15,1
scaffold_00,0,train,15,16,1
scaffold_00,0,train,16,17,1
scaffold_00,0,train,17,18,1
scaffold_00,0,train,18,19,1
scaffold_00,0,train,19,20,1
scaffold_00,0,train,20,21,1
scaffold_00,0,train,21,22,1
scaffold_00,0,train,22,23,1
scaffold_00,0,train,23,24,1
scaffold_00,0,train,24,25,1
scaffold_00,0,train,25,26,1
scaffold_00,0,train,26,27,1
scaffold_00,0,train,27,28,1
scaffold_00,0,train,28,29,1
scaffold_00,0,train,29,30,1
scaffold_00,0,train,30,31,1
scaffold_00,0,train,31,32,1
scaffold_00,0,train,32,33,1
scaffold_00,0,train,33,34,1
scaffold_00,0,train,34,35,1
scaffold_00,0,train,35,36,1
scaffold_00,0,train,36,37,1
scaffold_00,0,train,37,38,1
scaffold_00,0,train,39,40,1
scaffold_00,0,train,40,41,1
scaffold_00,0,train,41,42,1
scaffold_00,0,train,42,43,1
scaffold_00,0,train,43,44,1
scaffold_00,0,train,44,45,1
scaffold_00,0,train,45,46,1
scaffold_00,0,train,46,47,1
scaffold_00,0,train,47,48,1
scaffold_00,0,train,48,49,1
scaffold_00,0,train,49,50,1
scaffold_00,0,train,50,51,1
scaffold_00,0,train,51,52,1
scaffold_00,0,train,52,53,1
scaffold_00,0,train,53,54,1
scaffold_00,0,train,54,55,1
scaffold_00,0,train,55,56,1
scaffold_00,0,train,56,57,1
scaffold_00,0,train,57,58,1
scaffold_00,0,train,58,59,1
scaffold_00,0,train,59,60,1
scaffold_00,0,train,60,61,1
scaffold_00,0,train,61,62,1
scaffold_00,0,train,62,63,1
scaffold_00,0,train,63,64,1
scaffold_00,0,train,64,65,1
scaffold_00,0,train,65,66,1
scaffold_00,0,train,66,67,1
scaffold_00,0,train,67,68,1
scaffold_00,0,train,68,69,1
scaffold_00,0,train,69,70,1
scaffold_00,0,train,70,71,1
scaffold_00,0,train,71,72,1
scaffold_00,0,train,72,73,1
scaffold_00,0,train,73,74,1
scaffold_00,0,train,74,75,1
scaffold_00,0,train,75,76,1
scaffold_00,0,train,76,77,1
scaffold_00,0,train,77,78,1
scaffold_00,0,train,78,79,1
scaffold_00,0,train,79,80,1
scaffold_00,0,train,80,81,1
scaffold_00,0,train,81,82,1
scaffold_00,0,train,82,83,1
scaffold_00,0,train,83,84,1
scaffold_00,0,train,84,85,1
scaffold_00,0,train,85,86,1
scaffold_00,0,train,86,87,1
scaffold_00,0,train,87,88,1
scaffold_00,0,train,88,89,1
scaffold_00,0,train,89,90,1
scaffold_00,0,train,90,91,1
scaffold_00,0,train,91,92,1
scaffold_00,0,train,92,93,1
scaffold_00,0,train,93,94,1
scaffold_00,0,train,94,95,1
scaffold_00,0,train,95,96,1
scaffold_00,0,train,96,97,1
scaffold_00,0,train,97,98,1
scaffold_00,0,train,98,99,1
scaffold_00,0,train,99,100,1
scaffold_00,0,train,100,101,1
scaffold_00,0,train,101,102,1
scaffold_00,0,train,102,103,1
scaffold_00,0,train,103,104,1
scaffold_00,0,train,104,105,1
scaffold_00,0,train,105,106,1
scaffold_00,0,train,106,107,1
scaffold_00,0,train,107,108,1
scaffold_00,0,train,108,109,1
scaffold_00,0,train,109,110,1
scaffold_00,0,train,110,111,1
scaffold_00,0,train,111,112,1
scaffold_00,0,train,112,113,1
scaffold_00,0,train,113,114,1
scaffold_00,0,train,114,115,1
scaffold_00,0,train,115,116,1
scaffold_00,0,train,116,117,1
scaffold_00,0,train,117,118,1
scaffold_00,0,train,118,119,1
scaffold_00,0,train,119,120,1
scaffold_00,0,train,120,121,1
scaffold_00,0,train,121,122,1
scaffold_00,0,train,122,123,1
scaffold_00,0,train,123,124,1
scaffold_00,0,train,124,125,1
scaffold_00,0,train,125,126,1
scaffold_00,0,train,126,127,1
scaffold_00,0,train,127,128,1
scaffold_00,0,train,128,129,1
scaffold_00,0,train,129,130,1
scaffold_00,0,train,130,131,1
scaffold_00,0,train,131,132,1
scaffold_00,0,train,132,133,1
scaffold_00,0,train,133,134,1
scaffold_00,0,train,134,136,1
scaffold_00,0,train,135,137,1
scaffold_00,0,train,136,138,1
scaffold_00,0,train,137,139,1
scaffold_00,0,train,138,140,1
scaffold_00,0,train,139,141,1
scaffold_00,0,train,140,142,1
scaffold_00,0,train,141,143,1
scaffold_00,0,train,142,144,1
scaffold_00,0,train,143,145,1
scaffold_00,0,train,144,146,1
scaffold_00,0,train,145,147,1
scaffold_00,0,train,146,148,1
scaffold_00,0,train,147,149,1
scaffold_00,0,train,148,150,1
scaffold_00,0,train,149,151,1
scaffold_00,0,train,150,152,1
scaffold_00,0,train,152,154,1
scaffold_00,0,train,153,155,1
scaffold_00,0,train,154,156,1
scaffold_00,0,train,155,157,1
scaffold_00,0,train,156,158,1
scaffold_00,0,train,157,159,1
scaffold_00,0,train,158,160,1
scaffold_00,0,train,159,161,1
scaffold_00,0,train,160,162,1
scaffold_00,0,train,161,163,1
scaffold_00,0,train,162,164,1
scaffold_00,0,train,163,165,1
scaffold_00,0,train,164,166,1
scaffold_00,0,train,165,167,1
scaffold_00,0,train,166,168,1
scaffold_00,0,train,167,169,1
scaffold_00,0,train,168,170,1
scaffold_00,0,train,169,171,1
scaffold_00,0,train,170,172,1
scaffold_00,0,train,171,173,1
scaffold_00,0,train,172,174,1
scaffold_00,0,train,173,175,1
scaffold_00,0,train,174,176,1
scaffold_00,0,train,175,177,1
scaffold_00,0,train,176,178,1
scaffold_00,0,train,177,179,1
scaffold_00,0,train,178,180,1
scaffold_00,0,train,179,181,1
scaffold_00,0,train,180,182,1
scaffold_00,0,train,181,183,1
scaffold_00,0,train,182,184,1
scaffold_00,0,train,183,185,1
scaffold_00,0,train,184,186,1
scaffold_00,0,train,185,187,1
scaffold_00,0,train,186,188,1
scaffold_00,0,train,187,189,1
scaffold_00,0,train,188,190,1
scaffold_00,0,train,189,191,1
scaffold_00,0,train,190,192,1
scaffold_00,0,train,192,194,1
scaffold_00,0,train,193,195,1
scaffold_00,0,train,194,196,1
scaffold_00,0,train,195,197,1
scaffold_00,0,train,196,198,1
scaffold_00,0,train,197,199,1
scaffold_00,0,train,198,201,1
scaffold_00,0,train,199,202,1
scaffold_00,0,train,200,203,1
scaffold_00,0,train,201,204,1
scaffold_00,0,train,202,205,1
scaffold_00,0,train,203,206,1
scaffold_00,0,train,204,207,1
scaffold_00,0,train,205,208,1
scaffold_00,0,train,206,209,1
scaffold_00,0,train,207,210,1
scaffold_00,0,train,208,211,1
scaffold_00,0,train,209,212,1
scaffold_00,0,train,210,213,1
scaffold_00,0,train,211,214,1
scaffold_00,0,train,212,215,1
scaffold_00,0,train,213,216,1
scaffold_00,0,train,214,217,1
scaffold_00,0,train,215,218,1
scaffold_00,0,train,216,219,1
scaffold_00,0,train,217,220,1
scaffold_00,0,train,218,221,1
scaffold_00,0,train,219,222,1
scaffold_00,0,train,220,223,1
scaffold_00,0,train,221,224,1
scaffold_00,0,train,222,225,1
scaffold_00,0,train,223,226,1
scaffold_00,0,train,224,227,1
scaffold_00,0,train,225,228,1
scaffold_00,0,train,226,229,1
scaffold_00,0,train,227,230,1
scaffold_00,0,train,228,231,1
scaffold_00,0,train,229,232,1
scaffold_00,0,train,230,233,1
scaffold_00,0,train,231,234,1
scaffold_00,0,train,232,235,1
scaffold_00,0,train,233,236,1
scaffold_00,0,train,234,237,1
scaffold_00,0,train,235,238,1
scaffold_00,0,train,236,239,1
scaffold_00,0,train,237,240,1
scaffold_00,0,train,238,241,1
scaffold_00,0,train,239,242,1
scaffold_00,0,train,240,243,1
scaffold_00,0,train,241,244,1
scaffold_00,0,train,242,245,1
scaffold_00,0,train,243,246,1
scaffold_00,0,train,244,247,1
scaffold_00,0,train,245,248,1
scaffold_00,0,train,246,249,1
scaffold_00,0,train,247,250,1
scaffold_00,0,train,248,251,1
scaffold_00,0,train,249,252,1
scaffold_00,0,train,250,253,1
scaffold_00,0,train,251,254,1
scaffold_00,0,train,252,255,1
scaffold_00,0,train,253,256,1
scaffold_00,0,train,254,257,1
scaffold_00,0,train,255,258,1
scaffold_00,0,train,256,259,1
scaffold_00,0,train,257,260,1
scaffold_00,0,train,258,261,1
scaffold_00,0,train,259,262,1
scaffold_00,0,train,260,263,1
scaffold_00,0,train,261,264,1
scaffold_00,0,train,262,265,1
scaffold_00,0,train,263,266,1
scaffold_00,0,train,264,267,1
scaffold_00,0,train,265,268,1
scaffold_00,0,train,266,269,1
scaffold_00,0,train,267,270,1
scaffold_00,0,train,268,271,1
scaffold_00,0,train,269,272,1
scaffold_00,0,train,270,274,1
scaffold_00,0,train,271,275,1
scaffold_00,0,train,272,276,1
scaffold_00,0,train,273,277,1
scaffold_00,0,train,274,278,1
scaffold_00,0,train,275,279,1
scaffold_00,0,train,276,280,1
scaffold_00,0,train,277,281,1
scaffold_00,0,train,278,282,1
scaffold_00,0,train,279,283,1
scaffold_00,0,train,280,284,1
scaffold_00,0,train,281,285,1
scaffold_00,0,train,282,286,1
scaffold_00,0,train,283,287,1
scaffold_00,0,train,284,288,1
scaffold_00,0,train,285,289,1
scaffold_00,0,train,286,290,1
scaffold_00,0,train,287,291,1
scaffold_00,0,train,289,293,1
scaffold_00,0,train,290,294,1
scaffold_00,0,train,291,295,1
scaffold_00,0,train,292,296,1
scaffold_00,0,train,293,297,1
scaffold_00,0,train,294,298,1
scaffold_00,0,train,295,299,1
scaffold_00,0,train,296,300,1
scaffold_00,0,train,297,301,1
scaffold_00,0,train,298,302,1
scaffold_00,0,train,299,303,1
scaffold_00,0,train,300,304,1
scaffold_00,0,train,301,305,1
scaffold_00,0,train,302,306,1
scaffold_00,0,train,303,307,1
scaffold_00,0,train,304,308,1
scaffold_00,0,train,305,309,1
scaffold_00,0,train,306,310,1
scaffold_00,0,train,307,311,1
scaffold_00,0,train,308,312,1
scaffold_00,0,train,309,313,1
scaffold_00,0,train,310,314,1
scaffold_00,0,train,311,315,1
scaffold_00,0,train,312,316,1
scaffold_00,0,train,313,317,1
scaffold_00,0,train,314,318,1
scaffold_00,0,train,315,319,1
scaffold_00,0,train,316,320,1
scaffold_00,0,train,317,321,1
scaffold_00,0,train,318,322,1
scaffold_00,0,train,319,323,1
scaffold_00,0,train,320,324,1
scaffold_00,0,train,321,325,1
scaffold_00,0,train,322,326,1
scaffold_00,0,train,323,327,1
scaffold_00,0,train,324,328,1
scaffold_00,0,train,325,329,1
scaffold_00,0,train,326,330,1
scaffold_00,0,train,327,331,1
scaffold_00,0,train,328,332,1
scaffold_00,0,train,329,333,1
scaffold_00,0,train,330,334,1
scaffold_00,0,train,331,335,1
scaffold_00,0,train,332,336,1
scaffold_00,0,train,333,337,1
scaffold_00,0,train,334,338,1
scaffold_00,0,train,335,339,1
scaffold_00,0,train,336,340,1
scaffold_00,0,train,337,342,1
scaffold_00,0,train,338,343,1
scaffold_00,0,train,339,344,1
scaffold_00,0,train,340,345,1
scaffold_00,0,train,341,346,1
scaffold_00,0,train,342,347,1
scaffold_00,0,train,343,348,1
scaffold_00,0,train,344,349,1
scaffold_00,0,train,345,350,1
scaffold_00,0,train,346,351,1
scaffold_00,0,train,347,352,1
scaffold_00,0,train,348,353,1
scaffold_00,0,train,349,354,1
scaffold_00,0,train,350,355,1
scaffold_00,0,train,351,356,1
scaffold_00,0,train,352,357,1
scaffold_00,0,train,353,358,1
scaffold_00,0,train,354,359,1
scaffold_00,0,train,355,360,1
scaffold_00,0,train,356,361,1
scaffold_00,0,train,357,362,1
scaffold_00,0,train,358,363,1
scaffold_00,0,train,359,364,1
scaffold_00,0,train,360,365,1
scaffold_00,0,train,361,366,1
scaffold_00,0,train,362,367,1
scaffold_00,0,train,363,368,1
scaffold_00,0,train,364,369,1
scaffold_00,0,train,365,370,1
scaffold_00,0,train,366,371,1
scaffold_00,0,train,367,372,1
scaffold_00,0,train,368,373,1
scaffold_00,0,train,369,374,1
scaffold_00,0,train,370,375,1
scaffold_00,0,train,371,376,1
scaffold_00,0,train,372,377,1
scaffold_00,0,train,373,378,1
scaffold_00,0,train,374,379,1
scaffold_00,0,train,375,380,1
scaffold_00,0,train,376,381,1
scaffold_00,0,train,377,382,1
scaffold_00,0,train,378,383,1
scaffold_00,0,train,379,384,1
scaffold_00,0,train,380,385,1
scaffold_00,0,train,381,386,1
scaffold_00,0,train,382,387,1
scaffold_00,0,train,383,388,1
scaffold_00,0,train,384,389,1
scaffold_00,0,train,385,390,1
scaffold_00,0,train,386,391,1
scaffold_00,0,train,387,392,1
scaffold_00,0,train,388,393,1
scaffold_00,0,train,389,394,1
scaffold_00,0,train,390,395,1
scaffold_00,0,train,391,396,1
scaffold_00,0,train,392,397,1
scaffold_00,0,train,393,398,1
scaffold_00,0,train,394,399,1
scaffold_00,0,train,395,400,1
scaffold_00,0,train,396,401,1
scaffold_00,0,train,397,402,1
scaffold_00,0,train,398,403,1
scaffold_00,0,train,399,404,1
scaffold_00,0,train,400,405,1
scaffold_00,0,train,401,406,1
scaffold_00,0,train,402,407,1
scaffold_00,0,train,403,408,1
scaffold_00,0,train,404,409,1
scaffold_00,0,train,405,410,1
scaffold_00,0,train,406,411,1
scaffold_00,0,train,407,412,1
scaffold_00,0,train,408,413,1
scaffold_00,0,train,409,414,1
scaffold_00,0,train,410,415,1
scaffold_00,0,train,411,416,1
scaffold_00,0,train,412,417,1
scaffold_00,0,train,413,418,1
scaffold_00,0,train,414,419,1
scaffold_00,0,train,415,420,1
scaffold_00,0,train,416,421,1
scaffold_00,0,train,417,422,1
scaffold_00,0,train,418,423,1
scaffold_00,0,train,419,424,1
scaffold_00,0,train,420,425,1
scaffold_00,0,train,421,426,1
scaffold_00,0,train,422,427,1
scaffold_00,0,train,423,428,1
scaffold_00,0,train,424,429,1
scaffold_00,0,train,425,430,1
scaffold_00,0,train,426,431,1
scaffold_00,0,train,427,432,1
scaffold_00,0,train,428,433,1
scaffold_00,0,train,429,434,1
scaffold_00,0,train,430,435,1
scaffold_00,0,train,431,436,1
scaffold_00,0,train,432,437,1
scaffold_00,0,train,433,438,1
scaffold_00,0,train,434,439,1
scaffold_00,0,train,435,440,1
scaffold_00,0,train,436,441,1
scaffold_00,0,train,437,442,1
scaffold_00,0,train,438,443,1
scaffold_00,0,train,439,444,1
scaffold_00,0,train,440,445,1
scaffold_00,0,train,441,446,1
scaffold_00,0,train,442,447,1
scaffold_00,0,train,443,448,1
scaffold_00,0,train,444,449,1
scaffold_00,0,train,445,450,1
scaffold_00,0,train,446,451,1
scaffold_00,0,train,447,452,1
scaffold_00,0,train,448,453,1
scaffold_00,0,train,449,454,1
scaffold_00,0,train,450,455,1
scaffold_00,0,train,451,456,1
scaffold_00,0,train,452,458,1
scaffold_00,0,train,453,459,1
scaffold_00,0,train,454,460,1
scaffold_00,0,train,455,461,1
scaffold_00,0,train,456,462,1
scaffold_00,0,train,457,463,1
scaffold_00,0,train,458,464,1
scaffold_00,0,train,459,465,1
scaffold_00,0,train,460,466,1
scaffold_00,0,train,461,467,1
scaffold_00,0,train,462,468,1
scaffold_00,0,train,463,469,1
scaffold_00,0,train,464,470,1
scaffold_00,0,train,465,471,1
scaffold_00,0,train,466,472,1
scaffold_00,0,train,467,473,1
scaffold_00,0,train,468,474,1
scaffold_00,0,train,469,475,1
scaffold_00,0,train,470,476,1
scaffold_00,0,train,471,477,1
scaffold_00,0,train,472,478,1
scaffold_00,0,train,473,479,1
scaffold_00,0,train,474,480,1
scaffold_00,0,train,475,481,1
scaffold_00,0,train,476,482,1
scaffold_00,0,train,477,483,1
scaffold_00,0,train,478,484,1
scaffold_00,0,train,479,485,1
scaffold_00,0,train,480,486,1
scaffold_00,0,train,481,487,1
scaffold_00,0,train,482,488,1
scaffold_00,0,train,483,489,1
scaffold_00,0,train,484,490,1
scaffold_00,0,train,485,491,1
scaffold_00,0,train,486,492,1
scaffold_00,0,train,487,493,1
scaffold_00,0,train,488,494,1
scaffold_00,0,train,489,495,1
scaffold_00,0,train,490,496,1
scaffold_00,0,train,491,497,1
scaffold_00,0,train,492,498,1
scaffold_00,0,train,493,499,1
scaffold_00,0,train,494,500,1
scaffold_00,0,train,495,501,1
scaffold_00,0,train,497,503,1
scaffold_00,0,train,498,504,1
scaffold_00,0,train,499,505,1
scaffold_00,0,train,500,506,1
scaffold_00,0,train,501,507,1
scaffold_00,0,train,502,508,1
scaffold_00,0,train,503,509,1
scaffold_00,0,train,504,510,1
scaffold_00,0,train,505,511,1
scaffold_00,0,train,506,512,1
scaffold_00,0,train,507,513,1
scaffold_00,0,train,508,514,1
scaffold_00,0,train,509,515,1
scaffold_00,0,train,510,516,1
scaffold_00,0,train,511,517,1
scaffold_00,0,train,512,518,1
scaffold_00,0,train,513,519,1
scaffold_00,0,train,514,520,1
scaffold_00,0,train,515,521,1
scaffold_00,0,train,516,522,1
scaffold_00,0,train,517,523,1
scaffold_00,0,train,518,524,1
scaffold_00,0,train,519,525,1
scaffold_00,0,train,520,526,1
scaffold_00,0,train,521,527,1
scaffold_00,0,train,522,528,1
scaffold_00,0,train,523,529,1
scaffold_00,0,train,525,531,1
scaffold_00,0,train,526,532,1
scaffold_00,0,train,527,533,1
scaffold_00,0,train,528,534,1
scaffold_00,0,train,529,535,1
scaffold_00,0,train,530,536,1
scaffold_00,0,train,531,537,1
scaffold_00,0,train,532,538,1
scaffold_00,0,train,533,539,1
scaffold_00,0,train,534,540,1
scaffold_00,0,train,536,542,1
scaffold_00,0,train,537,543,1
scaffold_00,0,train,538,544,1
scaffold_00,0,train,539,545,1
scaffold_00,0,train,540,546,1
scaffold_00,0,train,541,547,1
scaffold_00,0,train,542,548,1
scaffold_00,0,train,543,549,1
scaffold_00,0,train,544,550,1
scaffold_00,0,train,545,552,1
scaffold_00,0,train,546,553,1
scaffold_00,0,train,547,554,1
scaffold_00,0,train,548,555,1
scaffold_00,0,train,549,556,1
scaffold_00,0,train,551,558,1
scaffold_00,0,train,552,559,1
scaffold_00,0,train,553,560,1
scaffold_00,0,train,554,561,1
scaffold_00,0,train,555,562,1
scaffold_00,0,train,556,563,1
scaffold_00,0,train,557,564,1
scaffold_00,0,train,558,565,1
scaffold_00,0,train,559,566,1
scaffold_00,0,train,560,567,1
scaffold_00,0,train,561,568,1
scaffold_00,0,train,562,569,1
scaffold_00,0,train,563,570,1
scaffold_00,0,train,564,571,1
scaffold_00,0,train,565,572,1
scaffold_00,0,train,566,573,1
scaffold_00,0,train,567,574,1
scaffold_00,0,train,568,575,1
scaffold_00,0,train,569,576,1
scaffold_00,0,train,570,577,1
scaffold_00,0,train,571,578,1
scaffold_00,0,train,572,579,1
scaffold_00,0,train,573,580,1
scaffold_00,0,train,574,581,1
scaffold_00,0,train,575,582,1
scaffold_00,0,train,576,583,1
scaffold_00,0,train,577,584,1
scaffold_00,0,train,578,585,1
scaffold_00,0,train,579,586,1
scaffold_00,0,train,580,587,1
scaffold_00,0,train,581,588,1
scaffold_00,0,train,582,589,1
scaffold_00,0,train,583,590,1
scaffold_00,0,train,584,591,1
scaffold_00,0,train,585,592,1
scaffold_00,0,train,586,593,1
scaffold_00,0,train,587,594,1
scaffold_00,0,train,588,595,1
scaffold_00,0,train,589,596,1
scaffold_00,0,train,590,597,1
scaffold_00,0,train,591,598,1
scaffold_00,0,train,592,599,1
scaffold_00,0,train,593,600,1
scaffold_00,0,train,594,601,1
scaffold_00,0,train,595,602,1
scaffold_00,0,train,596,603,1
scaffold_00,0,train,597,604,1
scaffold_00,0,train,598,605,1
scaffold_00,0,train,599,606,1
scaffold_00,0,train,600,607,1
scaffold_00,0,train,601,608,1
scaffold_00,0,train,602,609,1
scaffold_00,0,train,603,610,1
scaffold_00,0,train,604,611,1
scaffold_00,0,train,605,612,1
scaffold_00,0,train,606,613,1
scaffold_00,0,train,607,614,1
scaffold_00,0,train,608,615,1
scaffold_00,0,train,609,616,1
scaffold_00,0,train,610,617,1
scaffold_00,0,train,611,618,1
scaffold_00,0,train,612,619,1
scaffold_00,0,train,613,620,1
scaffold_00,0,train,614,621,1
scaffold_00,0,train,615,622,1
scaffold_00,0,train,616,623,1
scaffold_00,0,train,617,624,1
scaffold_00,0,train,618,625,1
scaffold_00,0,train,619,626,1
scaffold_00,0,train,620,627,1
scaffold_00,0,train,621,628,1
scaffold_00,0,train,622,629,1
scaffold_00,0,train,623,630,1
scaffold_00,0,test,624,631,1
scaffold_00,0,test,625,632,1
scaffold_00,0,test,626,633,1
scaffold_00,0,train,627,634,1
scaffold_00,0,train,628,635,1
scaffold_00,0,train,630,637,1
scaffold_00,0,test,631,638,1
scaffold_00,0,train,632,639,1
scaffold_00,0,train,633,640,1
scaffold_00,0,train,634,641,1
scaffold_00,0,test,635,642,1
scaffold_00,0,train,636,643,1
scaffold_00,0,train,637,644,1
scaffold_00,0,train,638,645,1
scaffold_00,0,train,639,646,1
scaffold_00,0,train,641,648,1
scaffold_00,0,train,642,649,1
scaffold_00,0,train,643,650,1
scaffold_00,0,test,644,651,1
scaffold_00,0,train,645,652,1
scaffold_00,0,train,646,653,1
scaffold_00,0,train,647,654,1
scaffold_00,0,train,648,655,1
scaffold_00,0,train,649,656,1
scaffold_00,0,train,650,657,1
scaffold_00,0,train,651,658,1
scaffold_00,0,train,652,659,1
scaffold_00,0,train,653,660,1
scaffold_00,0,train,654,661,1
scaffold_00,0,train,656,663,1
scaffold_00,0,train,657,664,1
scaffold_00,0,train,658,665,1
scaffold_00,0,train,659,666,1
scaffold_00,0,train,660,667,1
scaffold_00,0,train,661,668,1
scaffold_00,0,test,662,669,1
scaffold_00,0,train,663,670,1
scaffold_00,0,train,664,671,1
scaffold_00,0,train,665,672,1
scaffold_00,0,train,666,673,1
scaffold_00,0,train,667,674,1
scaffold_00,0,train,668,675,1
scaffold_00,0,train,669,676,1
scaffold_00,0,train,670,677,1
scaffold_00,0,train,671,678,1
scaffold_00,0,train,672,679,1
scaffold_00,0,train,673,680,1
scaffold_00,0,train,674,681,1
scaffold_00,0,train,675,682,1
scaffold_00,0,train,676,683,1
scaffold_00,0,train,677,684,1
scaffold_00,0,train,678,685,1
scaffold_00,0,train,679,686,1
scaffold_00,0,train,680,687,1
scaffold_00,0,test,681,688,1
scaffold_00,0,test,682,689,1
scaffold_00,0,train,683,690,1
scaffold_00,0,train,684,691,1
scaffold_00,0,train,685,692,1
scaffold_00,0,train,686,693,1
scaffold_00,0,train,687,694,1
scaffold_00,0,train,688,695,1
scaffold_00,0,train,689,696,1
scaffold_00,0,train,690,697,1
scaffold_00,0,train,691,698,1
scaffold_00,0,train,692,699,1
scaffold_00,0,test,693,700,1
scaffold_00,0,train,694,701,1
scaffold_00,0,train,695,702,1
scaffold_00,0,train,696,703,1
scaffold_00,0,train,697,704,1
scaffold_00,0,train,698,705,1
scaffold_00,0,train,699,706,1
scaffold_00,0,train,700,707,1
scaffold_00,0,test,701,708,1
scaffold_00,0,train,702,709,1
scaffold_00,0,test,703,710,1
scaffold_00,0,train,704,711,1
scaffold_00,0,train,705,712,1
scaffold_00,0,train,706,713,1
scaffold_00,0,train,707,714,1
scaffold_00,0,train,708,716,1
scaffold_00,0,train,709,717,1
scaffold_00,0,train,710,718,1
scaffold_00,0,train,711,719,1
scaffold_00,0,train,712,720,1
scaffold_00,0,test,713,721,1
scaffold_00,0,train,714,722,1
scaffold_00,0,train,715,723,1
scaffold_00,0,test,716,724,1
scaffold_00,0,train,717,725,1
scaffold_00,0,test,718,726,1
scaffold_00,0,train,719,727,1
scaffold_00,0,test,720,728,1
scaffold_00,0,train,721,729,1
scaffold_00,0,train,722,730,1
scaffold_00,0,train,723,731,1
scaffold_00,0,train,724,732,1
scaffold_00,0,train,725,733,1
scaffold_00,0,test,726,734,1
scaffold_00,0,train,727,735,1
scaffold_00,0,train,728,736,1
scaffold_00,0,train,729,737,1
scaffold_00,0,test,730,738,1
scaffold_00,0,train,731,739,1
scaffold_00,0,train,732,740,1
scaffold_00,0,test,733,741,1
scaffold_00,0,test,734,742,1
scaffold_00,0,train,735,743,1
scaffold_00,0,train,737,745,1
scaffold_00,0,train,738,746,1
scaffold_00,0,test,739,747,1
scaffold_00,0,train,740,748,1
scaffold_00,0,train,741,749,1
scaffold_00,0,train,742,750,1
scaffold_00,0,train,743,751,1
scaffold_00,0,train,744,752,1
scaffold_00,0,train,745,753,1
scaffold_00,0,train,746,754,1
scaffold_00,0,train,747,755,1
scaffold_00,0,train,748,756,1
scaffold_00,0,train,749,757,1
scaffold_00,0,train,750,758,1
scaffold_00,0,train,751,759,1
scaffold_00,0,train,752,760,1
scaffold_00,0,test,753,761,1
scaffold_00,0,train,754,762,1
scaffold_00,0,train,755,763,1
scaffold_00,0,train,756,764,1
scaffold_00,0,train,757,765,1
scaffold_00,0,train,759,767,1
scaffold_00,0,train,760,768,1
scaffold_00,0,train,761,769,1
scaffold_00,0,test,762,770,1
scaffold_00,0,train,763,771,1
scaffold_00,0,train,764,772,1
scaffold_00,0,train,765,773,1
scaffold_00,0,test,766,774,1
scaffold_00,0,train,767,775,1
scaffold_00,0,train,768,776,1
scaffold_00,0,train,769,777,1
scaffold_00,0,train,770,778,1
scaffold_00,0,train,771,779,1
scaffold_00,0,test,772,780,1
scaffold_00,0,test,773,781,1
scaffold_00,0,train,774,782,1
scaffold_00,0,train,775,783,1
scaffold_00,0,train,776,784,1
scaffold_00,0,test,777,785,1
scaffold_00,0,train,778,786,1
scaffold_00,0,test,779,787,1
scaffold_00,0,train,780,788,1
scaffold_00,0,test,781,789,1
scaffold_00,0,test,782,790,1
scaffold_00,0,train,783,791,1
scaffold_00,0,train,784,792,1
scaffold_00,0,train,785,793,1
scaffold_00,0,test,786,794,1
scaffold_00,0,test,787,795,1
scaffold_00,0,train,788,796,1
scaffold_00,0,train,789,797,1
scaffold_00,0,train,790,798,1
scaffold_00,0,train,791,799,1
scaffold_00,0,train,792,800,1
scaffold_00,0,test,793,801,1
scaffold_00,0,test,794,802,1
scaffold_00,0,test,795,803,1
scaffold_00,0,train,796,804,1
scaffold_00,0,train,797,805,1
scaffold_00,0,train,798,806,1
scaffold_00,0,train,799,807,1
scaffold_00,0,train,800,808,1
scaffold_00,0,train,801,809,1
scaffold_00,0,test,802,810,1
scaffold_00,0,train,803,811,1
scaffold_00,0,train,804,812,1
scaffold_00,0,train,805,813,1
scaffold_00,0,train,806,814,1
scaffold_00,0,test,807,815,1
scaffold_00,0,train,808,816,1
scaffold_00,0,train,809,817,1
scaffold_00,0,test,810,818,1
scaffold_00,0,train,811,819,1
scaffold_00,0,train,812,820,1
scaffold_00,0,train,813,821,1
scaffold_00,0,train,814,822,1
scaffold_00,0,test,815,823,1
scaffold_00,0,test,816,824,1
scaffold_00,0,train,817,825,1
scaffold_00,0,test,818,826,1
scaffold_00,0,test,819,827,1
scaffold_00,0,train,820,828,1
scaffold_00,0,test,821,829,1
scaffold_00,0,test,822,830,1
scaffold_00,0,train,823,831,1
scaffold_00,0,test,824,832,1
scaffold_00,0,test,825,833,1
scaffold_00,0,train,826,834,1
scaffold_00,0,train,827,835,1
scaffold_00,0,train,828,836,1
scaffold_00,0,train,829,837,1
scaffold_00,0,train,830,838,1
scaffold_00,0,train,831,839,1
scaffold_00,0,train,832,840,1
scaffold_00,0,test,833,841,1
scaffold_00,0,train,834,842,1
scaffold_00,0,train,835,843,1
scaffold_00,0,test,836,844,1
scaffold_00,0,train,837,845,1
scaffold_00,0,train,838,846,1
scaffold_00,0,test,839,847,1
scaffold_00,0,train,840,848,1
scaffold_00,0,test,841,849,1
scaffold_00,0,train,842,850,1
scaffold_00,0,train,843,851,1
scaffold_00,0,train,844,852,1
scaffold_00,0,train,845,853,1
scaffold_00,0,train,846,854,1
scaffold_00,0,test,847,855,1
scaffold_00,0,test,848,856,1
scaffold_00,0,train,849,857,1
scaffold_00,0,test,850,858,1
scaffold_00,0,test,851,859,1
scaffold_00,0,train,852,860,1
scaffold_00,0,test,853,861,1
scaffold_00,0,train,854,862,1
scaffold_00,0,train,855,863,1
scaffold_00,0,train,856,864,1
scaffold_00,0,train,857,865,1
scaffold_00,0,test,858,866,1
scaffold_00,0,train,859,867,1
scaffold_00,0,train,860,868,1
scaffold_00,0,test,861,869,1
scaffold_00,0,train,862,870,1
scaffold_00,0,train,863,871,1
scaffold_00,0,train,864,872,1
scaffold_00,0,test,865,873,1
scaffold_00,0,train,866,874,1
scaffold_00,0,train,867,875,1
scaffold_00,0,train,868,876,1
scaffold_00,0,train,869,877,1
scaffold_00,0,test,870,878,1
scaffold_00,0,train,871,879,1
scaffold_00,0,test,872,880,1
scaffold_00,0,test,873,881,1
scaffold_00,0,train,874,883,1
scaffold_00,0,train,875,884,1
scaffold_00,0,train,876,885,1
scaffold_00,0,test,877,886,1
scaffold_00,0,train,878,887,1
scaffold_00,0,test,879,888,1
scaffold_00,0,test,880,889,1
scaffold_00,0,test,881,890,1
scaffold_00,0,test,882,891,1
scaffold_00,0,train,883,892,1
scaffold_00,0,train,884,893,1
scaffold_00,0,test,885,894,1
scaffold_00,0,test,886,895,1
scaffold_00,0,test,887,896,1
scaffold_00,0,test,888,897,1
scaffold_00,0,test,889,898,1
scaffold_00,0,train,890,899,1
scaffold_00,0,train,891,900,1
scaffold_00,0,test,892,901,1
scaffold_00,0,test,893,902,1
scaffold_00,0,train,894,903,1
scaffold_00,0,train,895,904,1
scaffold_00,0,test,896,905,1
scaffold_00,0,train,897,906,1
scaffold_00,0,test,898,907,1
scaffold_00,0,train,899,908,1
scaffold_00,0,train,900,909,1
scaffold_00,0,test,901,910,1
scaffold_00,0,test,902,911,1
scaffold_00,0,test,903,912,1
scaffold_00,0,train,904,913,1
scaffold_00,0,test,905,914,1
scaffold_00,0,train,906,915,1
scaffold_00,0,train,907,916,1
scaffold_00,0,test,908,917,1
scaffold_00,0,train,909,918,1
scaffold_00,0,train,910,919,1
scaffold_00,0,train,911,920,1
scaffold_00,0,train,913,922,1
scaffold_00,0,train,914,923,1
scaffold_00,0,train,915,924,1
scaffold_00,0,train,916,925,1
scaffold_00,0,train,917,926,1
scaffold_00,0,train,919,928,1
scaffold_00,0,train,920,929,1
scaffold_00,0,train,922,931,1
scaffold_00,0,test,923,932,1
scaffold_00,0,train,924,933,1
scaffold_00,0,test,925,934,1
scaffold_00,0,train,926,935,1
scaffold_00,0,test,927,936,1
scaffold_00,0,test,928,937,1
scaffold_00,0,train,929,938,1
scaffold_00,0,test,930,939,1
scaffold_00,0,test,931,940,1
scaffold_00,0,test,932,941,1
scaffold_00,0,test,933,942,1
scaffold_00,0,test,934,943,1
scaffold_00,0,train,935,944,1
scaffold_00,0,train,936,945,1
scaffold_00,0,test,938,947,1
scaffold_00,0,test,939,948,1
scaffold_00,0,test,940,949,1
scaffold_00,0,train,941,950,1
scaffold_00,0,test,942,951,1
scaffold_00,0,test,943,952,1
scaffold_00,0,test,944,953,1
scaffold_00,0,train,945,954,1
scaffold_00,0,test,946,955,1
scaffold_00,0,train,947,956,1
scaffold_00,0,train,948,957,1
scaffold_00,0,train,949,958,1
scaffold_00,0,train,950,959,1
scaffold_00,0,train,951,960,1
scaffold_00,0,train,952,961,1
scaffold_00,0,train,953,962,1
scaffold_00,0,test,954,963,1
scaffold_00,0,train,955,964,1
scaffold_00,0,train,956,965,1
scaffold_00,0,test,957,966,1
scaffold_00,0,train,958,967,1
scaffold_00,0,train,959,968,1
scaffold_00,0,train,960,969,1
scaffold_00,0,train,961,970,1
scaffold_00,0,train,962,971,1
scaffold_00,0,train,963,972,1
scaffold_00,0,train,964,973,1
scaffold_00,0,train,965,974,1
scaffold_00,0,train,966,975,1
scaffold_00,0,train,967,976,1
scaffold_00,0,test,968,977,1
scaffold_00,0,test,969,978,1
scaffold_00,0,test,970,979,1
scaffold_00,0,test,971,980,1
scaffold_00,0,train,972,981,1
scaffold_00,0,train,973,982,1
scaffold_00,0,test,974,983,1
scaffold_00,0,test,975,984,1
scaffold_00,0,test,976,985,1
scaffold_00,0,test,977,986,1
scaffold_00,0,test,978,987,1
scaffold_00,0,train,979,988,1
scaffold_00,0,test,980,989,1
scaffold_00,0,test,981,990,1
scaffold_00,0,test,982,991,1
scaffold_00,0,train,983,992,1
scaffold_00,0,test,984,993,1
scaffold_00,0,test,985,994,1
scaffold_00,0,train,987,996,1
scaffold_00,0,train,988,997,1
scaffold_00,0,train,989,998,1
scaffold_00,0,train,990,999,1
scaffold_00,0,train,991,1000,1
scaffold_00,0,train,992,1001,1
scaffold_00,0,test,993,1002,1
scaffold_00,0,train,994,1003,1
scaffold_00,0,train,995,1004,1
scaffold_00,0,test,996,1005,1
scaffold_00,0,train,997,1006,1
scaffold_00,0,train,998,1007,1
scaffold_00,0,train,999,1008,1
scaffold_00,0,test,1000,1009,1
scaffold_00,0,train,1001,1010,1
scaffold_00,0,train,1002,1011,1
scaffold_00,0,train,1003,1012,1
scaffold_00,0,train,1004,1013,1
scaffold_00,0,train,1005,1014,1
scaffold_00,0,train,1006,1015,1
scaffold_00,0,train,1007,1016,1
scaffold_00,0,train,1008,1017,1
scaffold_00,0,test,1009,1018,1
scaffold_00,0,test,1010,1019,1
scaffold_00,0,train,1011,1020,1
scaffold_00,0,test,1012,1021,1
scaffold_00,0,train,1013,1022,1
scaffold_00,0,test,1014,1023,1
scaffold_00,0,test,1015,1024,1
scaffold_00,0,test,1016,1025,1
scaffold_00,0,test,1017,1026,1
scaffold_00,0,test,1018,1027,1
scaffold_00,0,test,1019,1028,1
scaffold_00,0,test,1020,1029,1
scaffold_00,0,test,1021,1030,1
scaffold_00,0,test,1022,1031,1
scaffold_00,0,train,1024,1033,1
scaffold_00,0,train,1025,1034,1
scaffold_00,0,test,1026,1035,1
scaffold_00,0,train,1027,1036,1
scaffold_00,0,test,1028,1037,1
scaffold_00,0,train,1029,1038,1
scaffold_00,0,train,1030,1039,1
scaffold_00,0,train,1031,1040,1
scaffold_00,0,train,1032,1041,1
scaffold_00,0,train,1033,1042,1
scaffold_00,0,train,1034,1043,1
scaffold_00,0,train,1035,1044,1
scaffold_00,0,test,1036,1045,1
scaffold_00,0,train,1037,1046,1
scaffold_00,0,train,1038,1047,1
scaffold_00,0,train,1039,1048,1
scaffold_00,0,train,1040,1049,1
scaffold_00,0,train,1041,1050,1
scaffold_00,0,train,1042,1051,1
scaffold_00,0,test,1043,1052,1
scaffold_00,0,train,1044,1053,1
scaffold_00,0,test,1045,1054,1
scaffold_00,0,train,1046,1055,1
scaffold_00,0,train,1047,1056,1
scaffold_00,0,train,1048,1057,1
scaffold_00,0,train,1049,1058,1
scaffold_00,0,test,1050,1059,1
scaffold_00,0,test,1051,1060,1
scaffold_00,0,train,1052,1061,1
scaffold_00,0,train,1053,1062,1
scaffold_00,0,train,1054,1063,1
scaffold_00,0,train,1055,1064,1
scaffold_00,0,train,1056,1065,1
scaffold_00,0,train,1057,1066,1
scaffold_00,0,train,1058,1067,1
scaffold_00,0,train,1059,1068,1
scaffold_00,0,train,1060,1069,1
scaffold_00,0,train,1061,1070,1
scaffold_00,0,train,1062,1071,1
scaffold_00,0,train,1063,1072,1
scaffold_00,0,train,1064,1073,1
scaffold_00,0,train,1065,1074,1
scaffold_00,0,train,1066,1075,1
scaffold_00,0,train,1067,1076,1
scaffold_00,0,train,1068,1077,1
scaffold_00,0,train,1069,1078,1
scaffold_00,0,train,1070,1079,1
scaffold_00,0,train,1071,1080,1
scaffold_00,0,train,1072,1081,1
scaffold_00,0,train,1073,1082,1
scaffold_00,0,test,1074,1083,1
scaffold_00,0,test,1076,1085,1
scaffold_00,0,train,1077,1086,1
scaffold_00,0,train,1078,1087,1
scaffold_00,0,train,1079,1088,1
scaffold_00,0,test,1080,1089,1
scaffold_00,0,test,1081,1090,1
scaffold_00,0,test,1082,1091,1
scaffold_00,0,test,1083,1092,1
scaffold_00,0,test,1084,1093,1
scaffold_00,0,test,1085,1094,1
scaffold_00,0,train,1086,1095,1
scaffold_00,0,train,1087,1096,1
scaffold_00,0,train,1088,1097,1
scaffold_00,0,train,1089,1098,1
scaffold_00,0,train,1090,1099,1
scaffold_00,0,test,1091,1100,1
scaffold_00,0,train,1092,1101,1
scaffold_00,0,train,1093,1102,1
scaffold_00,0,test,1094,1103,1
scaffold_00,0,train,1095,1104,1
scaffold_00,0,train,1096,1105,1
scaffold_00,0,test,1097,1106,1
scaffold_00,0,train,1098,1107,1
scaffold_00,0,test,1099,1108,1
scaffold_00,0,train,1100,1110,1
scaffold_00,0,train,1101,1111,1
scaffold_00,0,train,1102,1112,1
scaffold_00,0,train,1103,1113,1
scaffold_00,0,train,1104,1114,1
scaffold_00,0,train,1105,1115,1
scaffold_00,0,train,1106,1116,1
scaffold_00,0,train,1107,1117,1
scaffold_00,0,train,1109,1119,1
scaffold_00,0,train,1110,1120,1
scaffold_00,0,test,1112,1122,1
scaffold_00,0,train,1113,1123,1
scaffold_00,0,train,1114,1124,1
scaffold_00,0,train,1115,1125,1
scaffold_00,0,train,1116,1126,1
scaffold_00,0,train,1117,1127,1
scaffold_00,0,train,1118,1128,1
scaffold_00,0,train,1119,1129,1
scaffold_00,0,train,1120,1130,1
scaffold_00,0,test,1121,1131,1
scaffold_00,0,train,1122,1132,1
scaffold_00,0,train,1123,1133,1
scaffold_00,0,train,1124,1134,1
scaffold_00,0,train,1126,1136,1
scaffold_00,0,test,1127,1137,1
scaffold_00,0,train,1128,1138,1
scaffold_00,0,train,1129,1139,1
scaffold_00,0,test,1130,1140,1
scaffold_00,0,train,1131,1141,1
scaffold_00,0,test,1132,1142,1
scaffold_00,0,test,1133,1143,1
scaffold_00,0,test,1134,1144,1
scaffold_00,0,train,1135,1145,1
scaffold_00,0,test,1136,1146,1
scaffold_00,0,train,1137,1147,1
scaffold_00,0,test,1138,1148,1
scaffold_00,0,train,1139,1149,1
scaffold_00,0,train,1140,1150,1
scaffold_00,0,train,1141,1151,1
scaffold_00,0,train,1142,1152,1
scaffold_00,0,train,1143,1153,1
scaffold_00,0,train,1144,1154,1
scaffold_00,0,train,1145,1155,1
scaffold_00,0,train,1146,1156,1
scaffold_00,0,train,1147,1157,1
scaffold_00,0,train,1148,1158,1
scaffold_00,0,train,1149,1159,1
scaffold_00,0,train,1150,1160,1
scaffold_00,0,train,1151,1161,1
scaffold_00,0,train,1152,1162,1
scaffold_00,0,train,1153,1163,1
scaffold_00,0,test,1155,1165,1
scaffold_00,0,train,1156,1166,1
scaffold_00,0,train,1157,1167,1
scaffold_00,0,test,1158,1168,1
scaffold_00,0,test,1159,1169,1
scaffold_00,0,train,1160,1170,1
scaffold_00,0,test,1161,1171,1
scaffold_00,0,train,1162,1172,1
scaffold_00,0,train,1163,1173,1
scaffold_00,0,train,1164,1174,1
scaffold_00,0,train,1165,1175,1
scaffold_00,0,train,1166,1176,1
scaffold_00,0,test,1167,1177,1
scaffold_00,0,train,1168,1178,1
scaffold_00,0,train,1169,1179,1
scaffold_00,0,train,1170,1180,1
scaffold_00,0,test,1171,1181,1
scaffold_00,0,train,1172,1182,1
scaffold_00,0,test,1173,1183,1
scaffold_00,0,train,1174,1184,1
scaffold_00,0,train,1175,1185,1
scaffold_00,0,test,1176,1186,1
scaffold_00,0,test,1177,1187,1
scaffold_00,0,test,1178,1188,1
scaffold_00,0,train,1179,1189,1
scaffold_00,0,train,1180,1190,1
scaffold_00,0,train,1182,1192,1
scaffold_00,0,train,1183,1193,1
scaffold_00,0,train,1184,1194,1
scaffold_00,0,train,1185,1195,1
scaffold_00,0,test,1186,1196,1
scaffold_00,0,test,1187,1197,1
scaffold_00,0,train,1188,1198,1
scaffold_00,0,train,1189,1199,1
scaffold_00,0,train,1190,1200,1
scaffold_00,0,train,1191,1201,1
scaffold_00,0,test,1192,1202,1
scaffold_00,0,train,1193,1203,1
scaffold_00,0,train,1194,1204,1
scaffold_00,0,train,1195,1205,1
scaffold_00,0,train,1196,1206,1
scaffold_00,0,train,1197,1207,1
scaffold_00,0,train,1198,1208,1
scaffold_00,0,test,1199,1209,1
scaffold_00,0,train,1200,1210,1
scaffold_00,0,train,1201,1211,1
scaffold_00,0,train,1202,1212,1
scaffold_00,0,train,1203,1213,1
scaffold_00,0,train,1204,1214,1
scaffold_00,0,test,1205,1215,1
scaffold_00,0,train,1206,1216,1
scaffold_00,0,test,1207,1217,1
scaffold_00,0,train,1208,1218,1
scaffold_00,0,train,1209,1219,1
scaffold_00,0,train,1210,1220,1
scaffold_00,0,train,1211,1221,1
scaffold_00,0,train,1212,1222,1
scaffold_00,0,train,1213,1223,1
scaffold_00,0,train,1214,1224,1
scaffold_00,0,train,1215,1225,1
scaffold_00,0,train,1216,1226,1
scaffold_00,0,train,1217,1227,1
scaffold_00,0,train,1218,1228,1
scaffold_00,0,train,1219,1229,1
scaffold_00,0,train,1220,1230,1
scaffold_00,0,test,1221,1231,1
scaffold_00,0,train,1222,1232,1
scaffold_00,0,test,1223,1233,1
scaffold_00,0,test,1224,1234,1
scaffold_00,0,test,1225,1235,1
scaffold_00,0,train,1226,1236,1
scaffold_00,0,train,1227,1237,1
scaffold_00,0,test,1228,1238,1
scaffold_00,0,test,1229,1239,1
scaffold_00,0,train,1230,1240,1
scaffold_00,0,train,1231,1241,1
scaffold_00,0,train,1232,1242,1
scaffold_00,0,train,1233,1243,1
scaffold_00,0,train,1234,1244,1
scaffold_00,0,test,1235,1245,1
scaffold_00,0,test,1236,1246,1
scaffold_00,0,train,1237,1247,1
scaffold_00,0,test,1238,1248,1
scaffold_00,0,train,1239,1249,1
scaffold_00,0,test,1240,1250,1
scaffold_00,0,train,1241,1251,1
scaffold_00,0,train,1242,1252,1
scaffold_00,0,test,1243,1253,1
scaffold_00,0,train,1244,1254,1
scaffold_00,0,train,1245,1255,1
scaffold_00,0,train,1246,1256,1
scaffold_00,0,test,1247,1257,1
scaffold_00,0,train,1248,1258,1
scaffold_00,0,test,1249,1259,1
scaffold_00,0,train,1250,1260,1
scaffold_00,0,train,1251,1261,1
scaffold_00,0,test,1252,1262,1
scaffold_00,0,train,1253,1263,1
scaffold_00,0,train,1254,1264,1
scaffold_00,0,train,1255,1265,1
scaffold_00,0,test,1256,1266,1
scaffold_00,0,train,1257,1267,1
scaffold_00,0,train,1258,1268,1
scaffold_00,0,test,1259,1269,1
scaffold_00,0,train,1260,1270,1
scaffold_00,0,test,1261,1271,1
scaffold_00,0,train,1262,1272,1
scaffold_00,0,train,1263,1273,1
scaffold_00,0,train,1264,1274,1
scaffold_00,0,train,1265,1275,1
scaffold_00,0,train,1266,1276,1
scaffold_00,0,train,1267,1277,1
scaffold_00,0,train,1268,1278,1
scaffold_00,0,train,1269,1279,1
scaffold_00,0,train,1270,1280,1
scaffold_00,0,train,1271,1281,1
scaffold_00,0,train,1272,1282,1
scaffold_00,0,train,1273,1283,1
scaffold_00,0,train,1274,1284,1
scaffold_00,0,train,1275,1285,1
scaffold_00,0,test,1276,1286,1
scaffold_00,0,train,1277,1287,1
scaffold_00,0,train,1278,1288,1
scaffold_00,0,train,1279,1289,1
scaffold_00,0,test,1280,1290,1
scaffold_00,0,train,1281,1291,1
scaffold_00,0,train,1282,1292,1
scaffold_00,0,test,1283,1293,1
scaffold_00,0,train,1284,1294,1
scaffold_00,0,train,1285,1295,1
scaffold_00,0,test,1286,1296,1
scaffold_00,0,train,1287,1297,1
scaffold_00,0,train,1288,1298,1
scaffold_00,0,test,1289,1299,1
scaffold_00,0,train,1290,1300,1
scaffold_00,0,test,1291,1301,1
scaffold_00,0,train,1292,1302,1
scaffold_00,0,test,1293,1303,1
scaffold_00,0,train,1294,1304,1
scaffold_00,0,train,1295,1305,1
scaffold_00,0,train,1296,1306,1
scaffold_00,0,train,1297,1307,1
scaffold_00,0,test,1298,1308,1
scaffold_00,0,train,1299,1309,1
scaffold_00,0,train,1300,1310,1
scaffold_00,0,train,1301,1311,1
scaffold_00,0,train,1302,1312,1
scaffold_00,0,train,1303,1313,1
scaffold_00,0,test,1304,1314,1
scaffold_00,0,train,1305,1315,1
scaffold_00,0,train,1306,1316,1
scaffold_00,0,train,1307,1317,1
scaffold_00,0,train,1308,1318,1
scaffold_00,0,train,1309,1319,1
scaffold_00,0,train,1310,1320,1
scaffold_00,0,train,1311,1321,1
scaffold_00,0,test,1312,1322,1
scaffold_00,0,train,1313,1323,1
scaffold_00,0,test,1314,1324,1
scaffold_00,0,test,1315,1325,1
scaffold_00,0,train,1316,1326,1
scaffold_00,0,test,1317,1327,1
scaffold_00,0,train,1318,1328,1
scaffold_00,0,train,1319,1329,1
scaffold_00,0,train,1320,1330,1
scaffold_00,0,test,1321,1331,1
scaffold_00,0,train,1322,1332,1
scaffold_00,0,train,1323,1333,1
scaffold_00,0,train,1324,1334,1
scaffold_00,0,train,1325,1335,1
scaffold_00,0,train,1326,1336,1
scaffold_00,0,train,1327,1337,1
scaffold_00,0,train,1328,1338,1
scaffold_00,0,train,1329,1339,1
scaffold_00,0,train,1330,1340,1
scaffold_00,0,train,1331,1341,1
scaffold_00,0,train,1332,1342,1
scaffold_00,0,test,1333,1343,1
scaffold_00,0,train,1334,1344,1
scaffold_00,0,train,1335,1345,1
scaffold_00,0,train,1336,1346,1
scaffold_00,0,train,1337,1347,1
scaffold_00,0,train,1338,1348,1
scaffold_00,0,train,1339,1349,1
scaffold_00,0,train,1340,1350,1
scaffold_00,0,test,1341,1351,1
scaffold_00,0,train,1342,1352,1
scaffold_00,0,train,1343,1353,1
scaffold_00,0,train,1344,1354,1
scaffold_00,0,train,1345,1355,1
scaffold_00,0,train,1346,1356,1
scaffold_00,0,train,1347,1357,1
scaffold_00,0,train,1348,1358,1
scaffold_00,0,test,1349,1359,1
scaffold_00,0,test,1350,1360,1
scaffold_00,0,train,1351,1361,1
scaffold_00,0,train,1352,1362,1
scaffold_00,0,train,1353,1363,1
scaffold_00,0,train,1354,1364,1
scaffold_00,0,train,1355,1365,1
scaffold_00,0,train,1356,1366,1
scaffold_00,0,test,1357,1367,1
scaffold_00,0,train,1358,1368,1
scaffold_00,0,test,1359,1369,1
scaffold_00,0,train,1360,1370,1
scaffold_00,0,test,1361,1371,1
scaffold_00,0,train,1363,1373,1
scaffold_00,0,train,1364,1374,1
scaffold_00,0,train,1365,1375,1
scaffold_00,0,train,1366,1376,1
scaffold_00,0,train,1367,1377,1
scaffold_00,0,train,1368,1378,1
scaffold_00,0,train,1369,1379,1
scaffold_00,0,test,1370,1380,1
scaffold_00,0,train,1371,1381,1
scaffold_00,0,test,1372,1382,1
scaffold_00,0,train,1373,1383,1
scaffold_00,0,train,1374,1384,1
scaffold_00,0,train,1375,1385,1
scaffold_00,0,train,1376,1386,1
scaffold_00,0,train,1377,1387,1
scaffold_00,0,train,1378,1388,1
scaffold_00,0,train,1379,1389,1
scaffold_00,0,train,1380,1390,1
scaffold_00,0,train,1381,1391,1
scaffold_00,0,train,1382,1392,1
scaffold_00,0,train,1383,1393,1
scaffold_00,0,test,1384,1394,1
scaffold_00,0,train,1385,1395,1
scaffold_00,0,test,1386,1396,1
scaffold_00,0,train,1387,1397,1
scaffold_00,0,train,1388,1398,1
scaffold_00,0,train,1389,1399,1
scaffold_00,0,train,1390,1400,1
scaffold_00,0,train,1391,1401,1
scaffold_00,0,test,1392,1402,1
scaffold_00,0,test,1393,1403,1
scaffold_00,0,train,1394,1404,1
scaffold_00,0,train,1395,1405,1
scaffold_00,0,test,1396,1406,1
scaffold_00,0,train,1397,1407,1
scaffold_00,0,train,1398,1408,1
scaffold_00,0,train,1399,1409,1
scaffold_00,0,train,1400,1410,1
scaffold_00,0,train,1401,1411,1
scaffold_00,0,train,1402,1412,1
scaffold_00,0,test,1403,1413,1
scaffold_00,0,train,1404,1414,1
scaffold_00,0,train,1405,1415,1
scaffold_00,0,train,1406,1416,1
scaffold_00,0,train,1407,1417,1
scaffold_00,0,train,1408,1418,1
scaffold_00,0,train,1409,1419,1
scaffold_00,0,train,1410,1420,1
scaffold_00,0,test,1411,1421,1
scaffold_00,0,train,1412,1422,1
scaffold_00,0,train,1413,1423,1
scaffold_00,0,train,1414,1424,1
scaffold_00,0,test,1415,1425,1
scaffold_00,0,train,1416,1426,1
scaffold_00,0,train,1417,1427,1
scaffold_00,0,test,1418,1428,1
scaffold_00,0,test,1419,1429,1
scaffold_00,0,test,1420,1430,1
scaffold_00,0,train,1421,1431,1
scaffold_00,0,train,1422,1432,1
scaffold_00,0,train,1423,1433,1
scaffold_00,0,test,1424,1434,1
scaffold_00,0,train,1425,1435,1
scaffold_00,0,train,1426,1436,1
scaffold_00,0,test,1427,1437,1
scaffold_00,0,train,1428,1438,1
scaffold_00,0,test,1429,1439,1
scaffold_00,0,test,1430,1440,1
scaffold_00,0,train,1431,1441,1
scaffold_00,0,train,1432,1442,1
scaffold_00,0,train,1433,1443,1
scaffold_00,0,train,1434,1444,1
scaffold_00,0,test,1435,1445,1
scaffold_00,0,train,1436,1446,1
scaffold_00,0,train,1437,1447,1
scaffold_00,0,test,1438,1448,1
scaffold_00,0,train,1439,1449,1
scaffold_00,0,train,1440,1450,1
scaffold_00,0,test,1441,1451,1
scaffold_00,0,train,1442,1453,1
scaffold_00,0,test,1443,1454,1
scaffold_00,0,train,1444,1455,1
scaffold_00,0,test,1445,1456,1
scaffold_00,0,test,1446,1457,1
scaffold_00,0,train,1447,1458,1
scaffold_00,0,train,1448,1459,1
scaffold_00,0,train,1449,1460,1
scaffold_00,0,train,1450,1461,1
scaffold_00,0,train,1451,1462,1
scaffold_00,0,train,1452,1463,1
scaffold_00,0,train,1453,1464,1
scaffold_00,0,train,1454,1465,1
scaffold_00,0,test,1455,1466,1
scaffold_00,0,train,1456,1467,1
scaffold_00,0,test,1457,1468,1
scaffold_00,0,train,1458,1469,1
scaffold_00,0,train,1459,1470,1
scaffold_00,0,train,1460,1471,1
scaffold_00,0,train,1461,1472,1
scaffold_00,0,train,1462,1473,1
scaffold_00,0,test,1463,1474,1
scaffold_00,0,train,1464,1475,1
scaffold_00,0,train,1465,1476,1
scaffold_00,0,train,1466,1477,1
scaffold_00,0,train,1467,1478,1
scaffold_00,0,train,1468,1479,1
scaffold_00,0,train,1469,1480,1
scaffold_00,0,train,1470,1481,1
scaffold_00,0,train,1471,1482,1
scaffold_00,0,train,1472,1483,1
scaffold_00,0,test,1473,1484,1
scaffold_00,0,test,1474,1485,1
scaffold_00,0,train,1475,1486,1
scaffold_00,0,test,1476,1487,1
scaffold_00,0,test,1477,1488,1
scaffold_00,0,train,1478,1489,1
scaffold_00,0,test,1479,1490,1
scaffold_00,0,test,1480,1491,1
scaffold_00,0,train,1481,1492,1
scaffold_00,0,train,1482,1493,1
scaffold_00,0,train,1483,1494,1
scaffold_00,0,train,1484,1495,1
scaffold_00,0,train,1485,1496,1
scaffold_00,0,train,1486,1497,1
scaffold_00,0,train,1487,1498,1
scaffold_00,0,train,1488,1499,1
scaffold_00,0,train,1489,1500,1
scaffold_00,0,train,1490,1501,1
scaffold_00,0,train,1491,1502,1
scaffold_00,0,train,1492,1503,1
scaffold_00,0,train,1493,1504,1
scaffold_00,0,train,1494,1505,1
scaffold_00,0,train,1495,1506,1
scaffold_00,0,train,1496,1507,1
scaffold_00,0,train,1497,1508,1
scaffold_00,0,train,1498,1509,1
scaffold_00,0,train,1499,1510,1
scaffold_00,0,test,1500,1511,1
scaffold_00,0,test,1501,1512,1
scaffold_00,0,train,1502,1513,1
scaffold_00,0,train,1503,1514,1
scaffold_00,0,train,1504,1515,1
scaffold_00,0,train,1505,1516,1
scaffold_00,0,train,1506,1517,1
scaffold_00,0,train,1507,1518,1
scaffold_00,0,test,1508,1519,1
scaffold_00,0,train,1509,1520,1
scaffold_00,0,train,1510,1521,1
scaffold_00,0,train,1511,1522,1
scaffold_00,0,train,1512,1523,1
scaffold_00,0,test,1513,1524,1
scaffold_00,0,train,1514,1525,1
scaffold_00,0,train,1515,1526,1
scaffold_00,0,train,1516,1527,1
scaffold_00,0,train,1517,1528,1
scaffold_00,0,train,1518,1529,1
scaffold_00,0,train,1519,1530,1
scaffold_00,0,test,1520,1531,1
scaffold_00,0,test,1521,1532,1
scaffold_00,0,train,1522,1533,1
scaffold_00,0,train,1523,1534,1
scaffold_00,0,train,1524,1535,1
scaffold_00,0,train,1525,1536,1
scaffold_00,0,train,1526,1537,1
scaffold_00,0,train,1527,1538,1
scaffold_00,0,train,1528,1539,1
scaffold_00,0,train,1529,1540,1
scaffold_00,0,train,1530,1541,1
scaffold_00,0,test,1531,1542,1
scaffold_00,0,test,1532,1543,1
scaffold_00,0,train,1533,1544,1
scaffold_00,0,train,1534,1545,1
scaffold_00,0,test,1535,1546,1
scaffold_00,0,test,1536,1547,1
scaffold_00,0,test,1537,1548,1
scaffold_00,0,train,1538,1549,1
scaffold_00,0,test,1539,1550,1
scaffold_00,0,train,1540,1551,1
scaffold_00,0,train,1541,1552,1
scaffold_00,0,train,1542,1553,1
scaffold_00,0,train,1543,1554,1
scaffold_00,0,train,1544,1555,1
scaffold_00,0,train,1545,1556,1
scaffold_00,0,train,1546,1557,1
scaffold_00,0,train,1547,1558,1
scaffold_00,0,train,1548,1559,1
scaffold_00,0,train,1549,1560,1
scaffold_00,0,train,1550,1561,1
scaffold_00,0,train,1551,1562,1
scaffold_00,0,test,1552,1563,1
scaffold_00,0,test,1553,1564,1
scaffold_00,0,test,1554,1565,1
scaffold_00,0,train,1555,1566,1
scaffold_00,0,train,1556,1567,1
scaffold_00,0,test,1557,1568,1
scaffold_00,0,train,1558,1569,1
scaffold_00,0,train,1559,1570,1
scaffold_00,0,train,1560,1571,1
scaffold_00,0,test,1561,1572,1
scaffold_00,0,train,1562,1573,1
scaffold_00,0,train,1563,1574,1
scaffold_00,0,train,1564,1575,1
scaffold_00,0,test,1565,1576,1
scaffold_00,0,train,1566,1577,1
scaffold_00,0,train,1567,1578,1
scaffold_00,0,train,1568,1579,1
scaffold_00,0,train,1569,1580,1
scaffold_00,0,train,1570,1581,1
scaffold_00,0,train,1571,1582,1
scaffold_00,0,train,1572,1583,1
scaffold_00,0,train,1573,1584,1
scaffold_00,0,train,1574,1585,1
scaffold_00,0,train,1575,1586,1
scaffold_00,0,train,1576,1587,1
scaffold_00,0,train,1577,1588,1
scaffold_00,0,train,1578,1589,1
scaffold_00,0,train,1579,1590,1
scaffold_00,0,train,1580,1591,1
scaffold_00,0,train,1581,1592,1
scaffold_00,0,train,1582,1593,1
scaffold_00,0,test,1583,1594,1
scaffold_00,0,train,1584,1595,1
scaffold_00,0,train,1585,1596,1
scaffold_00,0,train,1586,1597,1
scaffold_00,0,test,1587,1598,1
scaffold_00,0,train,1588,1599,1
scaffold_00,0,train,1589,1600,1
scaffold_00,0,train,1590,1601,1
scaffold_00,0,train,1591,1602,1
scaffold_00,0,train,1592,1603,1
scaffold_00,0,test,1593,1604,1
scaffold_00,0,train,1594,1605,1
scaffold_00,0,train,1595,1606,1
scaffold_00,0,test,1596,1607,1
scaffold_00,0,train,1597,1608,1
scaffold_00,0,test,1598,1609,1
scaffold_00,0,test,1599,1610,1
scaffold_00,0,train,1600,1611,1
scaffold_00,0,train,1601,1612,1
scaffold_00,0,test,1602,1613,1
scaffold_00,0,train,1603,1614,1
scaffold_00,0,train,1604,1615,1
scaffold_00,0,test,1605,1616,1
scaffold_00,0,test,1606,1617,1
scaffold_00,0,train,1609,1620,1
scaffold_00,0,train,1610,1621,1
scaffold_00,0,train,1611,1622,1
scaffold_00,0,test,1612,1623,1
scaffold_00,0,train,1613,1624,1
scaffold_00,0,train,1614,1625,1
scaffold_00,0,test,1615,1626,1
scaffold_00,0,test,1616,1627,1
scaffold_00,0,train,1617,1628,1
scaffold_00,0,test,1618,1629,1
scaffold_00,0,test,1619,1630,1
scaffold_00,0,train,1620,1631,1
scaffold_00,0,test,1621,1632,1
scaffold_00,0,train,1622,1633,1
scaffold_00,0,train,1623,1634,1
scaffold_00,0,train,1624,1635,1
scaffold_00,0,test,1625,1636,1
scaffold_00,0,test,1626,1637,1
scaffold_00,0,train,1627,1638,1
scaffold_00,0,train,1628,1639,1
scaffold_00,0,train,1629,1640,1
scaffold_00,0,train,1630,1641,1
scaffold_00,0,train,1631,1642,1
scaffold_00,0,train,1632,1643,1
scaffold_00,0,train,1633,1644,1
scaffold_00,0,train,1634,1645,1
scaffold_00,0,train,1635,1646,1
scaffold_00,0,train,1636,1647,1
scaffold_00,0,train,1639,1650,1
scaffold_00,0,train,1640,1651,1
scaffold_00,0,train,1641,1652,1
scaffold_00,0,train,1642,1653,1
scaffold_00,0,train,1645,1656,1
scaffold_00,0,train,1646,1657,1
scaffold_00,0,train,1647,1658,1
scaffold_00,0,train,1648,1659,1
scaffold_00,0,train,1649,1660,1
scaffold_00,0,train,1650,1661,1
scaffold_00,0,test,1653,1664,1
scaffold_00,0,train,1654,1665,1
scaffold_00,0,train,1655,1666,1
scaffold_00,0,test,1656,1667,1
scaffold_00,0,train,1657,1668,1
scaffold_00,0,train,1658,1670,1
scaffold_00,0,train,1661,1673,1
scaffold_00,0,train,1662,1674,1
scaffold_00,0,test,1663,1675,1
scaffold_00,0,train,1664,1676,1
scaffold_00,0,train,1665,1677,1
scaffold_00,0,test,1666,1678,1
scaffold_00,0,train,1667,1679,1
scaffold_00,0,test,1668,1680,1
scaffold_00,0,train,1669,1681,1
scaffold_00,0,train,1670,1682,1
scaffold_00,0,train,1671,1683,1
scaffold_00,0,train,1674,1686,1
scaffold_00,0,test,1675,1687,1
scaffold_00,0,train,1676,1688,1
scaffold_00,0,train,1677,1689,1
scaffold_00,0,train,1678,1690,1
scaffold_00,0,train,1679,1691,1
scaffold_00,0,train,1680,1692,1
scaffold_00,0,test,1681,1693,1
scaffold_00,0,train,1682,1694,1
scaffold_00,0,train,1683,1695,1
scaffold_00,0,train,1684,1696,1
scaffold_00,0,train,1685,1697,1
scaffold_00,0,test,1686,1698,1
scaffold_00,0,train,1691,1703,1
scaffold_00,0,train,1692,1704,1
scaffold_00,0,train,1693,1705,1
scaffold_00,0,train,1694,1706,1
scaffold_00,0,test,1695,1707,1
scaffold_00,0,train,1696,1708,1
scaffold_00,0,train,1697,1709,1
scaffold_00,0,train,1698,1710,1
scaffold_00,0,train,1699,1711,1
scaffold_00,0,train,1700,1712,1
scaffold_00,0,train,1701,1713,1
scaffold_00,0,train,1702,1714,1
scaffold_00,0,train,1703,1715,1
scaffold_00,0,train,1704,1716,1
scaffold_00,0,train,1705,1717,1
scaffold_00,0,test,1706,1718,1
scaffold_00,0,test,1707,1719,1
scaffold_00,0,test,1708,1720,1
scaffold_00,0,train,1709,1721,1
scaffold_00,0,test,1710,1722,1
scaffold_00,0,train,1711,1723,1
scaffold_00,0,train,1712,1724,1
scaffold_00,0,train,1713,1725,1
scaffold_00,0,train,1714,1726,1
scaffold_00,0,test,1715,1727,1
scaffold_00,0,test,1716,1728,1
scaffold_00,0,train,1717,1729,1
scaffold_00,0,train,1718,1730,1
scaffold_00,0,test,1719,1731,1
scaffold_00,0,test,1720,1732,1
scaffold_00,0,train,1721,1733,1
scaffold_00,0,train,1722,1734,0
scaffold_00,0,train,1725,1737,0
scaffold_00,0,train,1727,1739,0
scaffold_00,0,test,1728,1740,0
scaffold_00,0,test,1729,1741,0
scaffold_00,0,test,1730,1742,0
scaffold_00,0,train,1731,1743,0
scaffold_00,0,train,1733,1745,0
scaffold_00,0,train,1734,1746,0
scaffold_00,0,train,1735,1747,0
scaffold_00,0,train,1736,1748,0
scaffold_00,0,train,1737,1749,0
scaffold_00,0,train,1738,1750,0
scaffold_00,0,train,1739,1751,0
scaffold_00,0,train,1741,1753,0
scaffold_00,0,train,1742,1754,0
scaffold_00,0,train,1743,1755,0
scaffold_00,0,train,1744,1756,0
scaffold_00,0,train,1745,1757,0
scaffold_00,0,train,1746,1758,0
scaffold_00,0,test,1747,1759,0
scaffold_00,0,test,1748,1760,0
scaffold_00,0,train,1749,1761,0
scaffold_00,0,test,1750,1762,0
scaffold_00,0,train,1751,1763,0
scaffold_00,0,train,1752,1764,0
scaffold_00,0,train,1753,1765,0
scaffold_00,0,train,1754,1766,0
scaffold_00,0,train,1755,1767,0
scaffold_00,0,train,1756,1768,0
scaffold_00,0,train,1758,1770,0
scaffold_00,0,train,1759,1771,0
scaffold_00,0,train,1760,1772,0
scaffold_00,0,train,1761,1773,0
scaffold_00,0,train,1762,1774,0
scaffold_00,0,train,1763,1775,0
scaffold_00,0,test,1764,1776,0
scaffold_00,0,train,1765,1777,0
scaffold_00,0,test,1766,1778,0
scaffold_00,0,train,1767,1779,0
scaffold_00,0,test,1768,1780,0
scaffold_00,0,test,1769,1781,0
scaffold_00,0,train,1770,1782,0
scaffold_00,0,test,1771,1783,0
scaffold_00,0,test,1772,1784,0
scaffold_00,0,train,1773,1785,0
scaffold_00,0,train,1774,1786,0
scaffold_00,0,test,1775,1787,0
scaffold_00,0,train,1776,1788,0
scaffold_00,0,train,1778,1790,0
scaffold_00,0,train,1779,1791,0
scaffold_00,0,test,1780,1792,0
scaffold_00,0,test,1781,1793,0
scaffold_00,0,test,1782,1794,0
scaffold_00,0,train,1783,1795,0
scaffold_00,0,train,1784,1796,0
scaffold_00,0,train,1786,1798,0
scaffold_00,0,train,1787,1799,0
scaffold_00,0,test,1788,1800,0
scaffold_00,0,test,1789,1801,0
scaffold_00,0,train,1791,1803,0
scaffold_00,0,test,1793,1805,0
scaffold_00,0,test,1795,1807,0
scaffold_00,0,train,1796,1808,0
scaffold_00,0,train,1798,1810,0
scaffold_00,0,train,1799,1811,0
scaffold_00,0,train,1800,1812,0
scaffold_00,0,train,1801,1813,0
scaffold_00,0,train,1802,1814,0
scaffold_00,0,test,1804,1816,0
scaffold_00,0,test,1805,1817,0
scaffold_00,0,test,1806,1818,0
scaffold_00,0,train,1807,1819,0
scaffold_00,0,test,1808,1820,0
scaffold_00,0,train,1809,1821,0
scaffold_00,0,train,1810,1822,0
scaffold_00,0,test,1811,1823,0
scaffold_00,0,train,1812,1824,0
scaffold_00,0,train,1813,1825,0
scaffold_00,0,train,1814,1826,0
scaffold_00,0,train,1815,1827,0
scaffold_00,0,train,1816,1828,0
scaffold_00,0,train,1817,1829,0
scaffold_00,0,test,1818,1830,0
scaffold_00,0,train,1819,1831,0
scaffold_00,0,train,1820,1832,0
scaffold_00,0,test,1821,1833,0
scaffold_00,0,train,1824,1836,0
scaffold_00,0,train,1825,1837,0
scaffold_00,0,test,1826,1838,0
scaffold_00,0,train,1827,1839,0
scaffold_00,0,train,1828,1840,0
scaffold_00,0,train,1829,1841,0
scaffold_00,0,train,1830,1842,0
scaffold_00,0,train,1834,1846,0
scaffold_00,0,test,1835,1847,0
scaffold_00,0,train,1836,1848,0
scaffold_00,0,train,1837,1849,0
scaffold_00,0,train,1839,1851,0
scaffold_00,0,test,1840,1852,0
scaffold_00,0,train,1841,1853,0
scaffold_00,0,train,1842,1854,0
scaffold_00,0,train,1843,1855,0
scaffold_00,0,train,1844,1856,0
scaffold_00,0,test,1845,1857,0
scaffold_00,0,train,1846,1858,0
scaffold_00,0,test,1847,1859,0
scaffold_00,0,train,1848,1860,0
scaffold_00,0,train,1849,1861,0
scaffold_00,0,train,1852,1864,0
scaffold_00,0,train,1853,1865,0
scaffold_00,0,train,1854,1866,0
scaffold_00,0,train,1855,1867,0
scaffold_00,0,train,1856,1868,0
scaffold_00,0,train,1858,1870,0
scaffold_00,0,test,1859,1871,0
scaffold_00,0,test,1860,1872,0
scaffold_00,0,train,1862,1874,0
scaffold_00,0,train,1863,1875,0
scaffold_00,0,train,1864,1876,0
scaffold_00,0,train,1865,1877,0
scaffold_00,0,test,1866,1878,0
scaffold_00,0,train,1867,1879,0
scaffold_00,0,train,1868,1880,0
scaffold_00,0,test,1869,1881,0
scaffold_00,0,test,1870,1882,0
scaffold_00,0,test,1871,1883,0
scaffold_00,0,train,1872,1884,0
scaffold_00,0,train,1874,1886,0
scaffold_00,0,train,1875,1887,0
scaffold_00,0,train,1876,1888,0
scaffold_00,0,test,1877,1889,0
scaffold_00,0,train,1878,1890,0
scaffold_00,0,train,1880,1892,0
scaffold_00,0,test,1881,1893,0
scaffold_00,0,train,1882,1894,0
scaffold_00,0,train,1883,1895,0
scaffold_00,0,train,1885,1897,0
scaffold_00,0,test,1886,1898,0
scaffold_00,0,train,1887,1899,0
scaffold_00,0,train,1888,1900,0
scaffold_00,0,train,1889,1901,0
scaffold_00,0,test,1890,1902,0
scaffold_00,0,train,1891,1903,0
scaffold_00,0,train,1892,1904,0
scaffold_00,0,test,1893,1905,0
scaffold_00,0,train,1894,1906,0
scaffold_00,0,train,1895,1907,0
scaffold_00,0,train,1896,1908,0
scaffold_00,0,train,1897,1909,0
scaffold_00,0,test,1898,1910,0
scaffold_00,0,test,1900,1912,0
scaffold_00,0,train,1901,1913,0
scaffold_00,0,train,1902,1914,0
scaffold_00,0,test,1903,1915,0
scaffold_00,0,test,1904,1916,0
scaffold_00,0,test,1905,1917,0
scaffold_00,0,train,1906,1918,0
scaffold_00,0,train,1908,1920,0
scaffold_00,0,train,1909,1921,0
scaffold_00,0,test,1911,1923,0
scaffold_00,0,test,1912,1924,0
scaffold_00,0,train,1913,1925,0
scaffold_00,0,train,1916,1928,0
scaffold_00,0,test,1917,1929,0
scaffold_00,0,train,1918,1930,0
scaffold_00,0,train,1919,1931,0
scaffold_00,0,train,1920,1932,0
scaffold_00,0,train,1921,1933,0
scaffold_00,0,train,1923,1935,0
scaffold_00,0,test,1924,1936,0
scaffold_00,0,train,1925,1937,0
scaffold_00,0,train,1926,1938,0
scaffold_00,0,test,1927,1939,0
scaffold_00,0,test,1928,1940,0
scaffold_00,0,train,1929,1941,0
scaffold_00,0,train,1930,1942,0
scaffold_00,0,train,1932,1944,0
scaffold_00,0,train,1933,1945,0
scaffold_00,0,test,1934,1946,0
scaffold_00,0,train,1935,1947,0
scaffold_00,0,train,1936,1948,0
scaffold_00,0,train,1937,1949,0
scaffold_00,0,train,1938,1950,0
scaffold_00,0,train,1939,1951,0
scaffold_00,0,test,1941,1953,0
scaffold_00,0,train,1942,1954,0
scaffold_00,0,test,1943,1955,0
scaffold_00,0,test,1945,1957,0
scaffold_00,0,test,1946,1958,0
scaffold_00,0,train,1948,1960,0
scaffold_00,0,train,1949,1961,0
scaffold_00,0,test,1950,1962,0
scaffold_00,0,train,1951,1963,0
scaffold_00,0,train,1952,1964,0
scaffold_00,0,train,1953,1965,0
scaffold_00,0,train,1954,1966,0
scaffold_00,0,train,1955,1967,0
scaffold_00,0,train,1956,1968,0
scaffold_00,0,test,1957,1969,0
scaffold_00,0,train,1958,1970,0
scaffold_00,0,train,1959,1971,0
scaffold_00,0,train,1960,1972,0
scaffold_00,0,test,1961,1973,0
scaffold_00,0,train,1962,1974,0
scaffold_00,0,train,1963,1975,0
scaffold_00,0,train,1965,1977,0
scaffold_00,0,train,1966,1978,0
scaffold_00,0,train,1967,1979,0
scaffold_00,0,train,1968,1980,0
scaffold_00,0,train,1969,1981,0
scaffold_00,0,train,1970,1982,0
scaffold_00,0,train,1971,1983,0
scaffold_00,0,train,1972,1984,0
scaffold_00,0,train,1974,1986,0
scaffold_00,0,train,1975,1987,0
scaffold_00,0,test,1976,1988,0
scaffold_00,0,train,1977,1989,0
scaffold_00,0,train,1978,1990,0
scaffold_00,0,test,1979,1991,0
scaffold_00,0,train,1980,1992,0
scaffold_00,0,test,1984,1996,0
scaffold_00,0,train,1985,1997,0
scaffold_00,0,train,1986,1998,0
scaffold_00,0,train,1987,1999,0
scaffold_00,0,train,1988,2000,0
scaffold_00,0,test,1990,2002,0
scaffold_00,0,train,1991,2003,0
scaffold_00,0,train,1992,2004,0
scaffold_00,0,train,1993,2005,0
scaffold_00,0,train,1994,2006,0
scaffold_00,0,train,1995,2007,0
scaffold_00,0,train,1996,2008,0
scaffold_00,0,train,1997,2009,0
scaffold_00,0,train,1998,2010,0
scaffold_00,0,train,1999,2011,0
scaffold_00,0,train,2000,2012,0
scaffold_00,0,train,2001,2013,0
scaffold_00,0,train,2002,2014,0
scaffold_00,0,test,2003,2015,0
scaffold_00,0,test,2004,2016,0
scaffold_00,0,test,2005,2017,0
scaffold_00,0,train,2006,2018,0
scaffold_00,0,train,2007,2019,0
scaffold_00,0,train,2008,2020,0
scaffold_00,0,train,2010,2022,0
scaffold_00,0,train,2011,2023,0
scaffold_00,0,test,2012,2024,0
scaffold_00,0,train,2013,2025,0
scaffold_00,0,train,2014,2026,0
scaffold_00,0,train,2015,2027,0
scaffold_00,0,train,2016,2028,0
scaffold_00,0,train,2017,2029,0
scaffold_00,0,test,2018,2030,0
scaffold_00,0,train,2019,2031,0
scaffold_00,0,train,2020,2032,0
scaffold_00,0,train,2022,2034,0
scaffold_00,0,test,2023,2035,0
scaffold_00,0,train,2024,2036,0
scaffold_00,0,test,2025,2037,0
scaffold_00,0,train,2026,2038,0
scaffold_00,0,train,2027,2039,0
scaffold_00,0,train,2028,2040,0
scaffold_00,0,train,2029,2041,0
scaffold_00,0,test,2030,2042,0
scaffold_00,0,test,2031,2043,0
scaffold_00,0,test,2034,2046,0
scaffold_00,0,train,2035,2047,0
scaffold_00,0,train,2036,2048,0
scaffold_00,0,test,2037,2049,0
scaffold_00,0,test,2038,2050,0
scaffold_00,0,train,2040,2052,0
scaffold_00,0,train,2041,2053,0
scaffold_00,0,train,2042,2054,0
scaffold_00,0,train,2043,2055,0
scaffold_00,0,train,2044,2056,0
scaffold_00,0,test,2047,2059,0
scaffold_00,0,train,2048,2060,0
scaffold_00,0,train,2049,2061,0
scaffold_00,0,train,2051,2063,0
scaffold_00,0,train,2052,2064,0
scaffold_00,0,train,2053,2065,0
scaffold_00,0,test,2054,2066,0
scaffold_00,0,train,2055,2067,0
scaffold_00,0,train,2056,2068,0
scaffold_00,0,train,2057,2069,0
scaffold_00,0,train,2058,2070,0
scaffold_00,0,train,2059,2071,0
scaffold_00,0,train,2061,2073,0
scaffold_00,0,train,2062,2074,0
scaffold_00,0,test,2063,2075,0
scaffold_00,0,train,2064,2076,0
scaffold_00,0,test,2065,2077,0
scaffold_00,0,train,2066,2078,0
scaffold_00,0,train,2067,2079,0
scaffold_00,0,train,2068,2080,0
scaffold_00,0,test,2069,2081,0
scaffold_00,0,train,2070,2082,0
scaffold_00,0,train,2071,2083,0
scaffold_00,0,train,2072,2084,0
scaffold_00,0,train,2073,2085,0
scaffold_00,0,train,2075,2087,0
scaffold_00,0,train,2076,2088,0
scaffold_00,0,train,2077,2089,0
scaffold_00,0,train,2078,2090,0
scaffold_00,0,test,2079,2091,0
scaffold_00,0,train,2080,2092,0
scaffold_00,0,train,2082,2094,0
scaffold_00,0,train,2084,2096,0
scaffold_00,0,train,2085,2097,0
scaffold_00,0,train,2087,2099,0
scaffold_00,0,train,2088,2100,0
scaffold_00,0,train,2089,2101,0
scaffold_00,0,train,2090,2102,0
scaffold_00,0,train,2092,2104,0
scaffold_00,0,train,2093,2105,0
scaffold_00,0,train,2094,2106,0
scaffold_00,0,train,2095,2107,0
scaffold_00,0,train,2096,2108,0
scaffold_00,0,train,2097,2109,0
scaffold_00,0,train,2098,2110,0
scaffold_00,0,train,2099,2111,0
scaffold_00,0,test,2100,2112,0
scaffold_00,0,test,2101,2113,0
scaffold_00,0,train,2103,2115,0
scaffold_00,0,train,2104,2116,0
scaffold_00,0,train,2106,2118,0
scaffold_00,0,train,2107,2119,0
scaffold_00,0,train,2112,2124,0
scaffold_00,0,train,2113,2125,0
scaffold_00,0,train,2117,2129,0
scaffold_00,0,test,2118,2130,0
scaffold_00,0,train,2119,2131,0
scaffold_00,0,train,2120,2132,0
scaffold_00,0,train,2121,2133,0
scaffold_00,0,train,2122,2134,0
scaffold_00,0,train,2123,2135,0
scaffold_00,0,train,2124,2136,0
scaffold_00,0,train,2125,2137,0
scaffold_00,0,test,2126,2138,0
scaffold_00,0,train,2127,2139,0
scaffold_00,0,train,2128,2140,0
scaffold_00,0,train,2133,2145,0
scaffold_00,0,train,2134,2146,0
scaffold_00,0,train,2135,2147,0
scaffold_00,0,test,2136,2148,0
scaffold_00,0,train,2137,2149,0
scaffold_00,0,train,2138,2150,0
scaffold_00,0,train,2139,2151,0
scaffold_00,0,train,2140,2152,0
scaffold_00,0,train,2141,2153,0
scaffold_00,0,test,2142,2154,0
scaffold_00,0,test,2143,2155,0
scaffold_00,0,train,2144,2156,0
scaffold_00,0,train,2145,2157,0
scaffold_00,0,test,2146,2158,0
scaffold_00,0,train,2147,2159,0
scaffold_00,0,train,2148,2160,0
scaffold_00,0,train,2149,2161,0
scaffold_00,0,train,2150,2162,0
scaffold_00,0,train,2152,2164,0
scaffold_00,0,test,2153,2165,0
scaffold_00,0,train,2154,2166,0
scaffold_00,0,train,2155,2167,0
scaffold_00,0,train,2156,2168,0
scaffold_00,0,train,2157,2169,0
scaffold_00,0,test,2158,2170,0
scaffold_00,0,train,2159,2171,0
scaffold_00,0,train,2160,2172,0
scaffold_00,0,train,2162,2174,0
scaffold_00,0,train,2163,2175,0
scaffold_00,0,test,2164,2176,0
scaffold_00,0,test,2165,2177,0
scaffold_00,0,train,2166,2178,0
scaffold_00,0,train,2167,2179,0
scaffold_00,0,train,2168,2180,0
scaffold_00,0,test,2169,2181,0
scaffold_00,0,test,2170,2182,0
scaffold_00,0,train,2172,2184,0
scaffold_00,0,train,2174,2186,0
scaffold_00,0,train,2175,2187,0
scaffold_00,0,train,2176,2188,0
scaffold_00,0,test,2178,2190,0
scaffold_00,0,train,2179,2191,0
scaffold_00,0,train,2180,2192,0
scaffold_00,0,train,2181,2193,0
scaffold_00,0,train,2183,2195,0
scaffold_00,0,train,2184,2196,0
scaffold_00,0,train,2185,2197,0
scaffold_00,0,train,2188,2200,0
scaffold_00,0,train,2189,2201,0
scaffold_00,0,train,2190,2202,0
scaffold_00,0,train,2191,2203,0
scaffold_00,0,train,2193,2205,0
scaffold_00,0,train,2194,2206,0
scaffold_00,0,train,2195,2207,0
scaffold_00,0,train,2196,2208,0
scaffold_00,0,train,2197,2209,0
scaffold_00,0,train,2198,2210,0
scaffold_00,0,train,2199,2211,0
scaffold_00,0,train,2200,2212,0
scaffold_00,0,train,2201,2213,0
scaffold_00,0,train,2202,2214,0
scaffold_00,0,train,2203,2215,0
scaffold_00,0,train,2204,2216,0
scaffold_00,0,train,2206,2218,0
scaffold_00,0,train,2208,2220,0
scaffold_00,0,train,2209,2221,0
scaffold_00,0,train,2210,2222,0
scaffold_00,0,train,2211,2223,0
scaffold_00,0,train,2212,2224,0
scaffold_00,0,train,2213,2225,0
scaffold_00,0,test,2215,2227,0
scaffold_00,0,train,2216,2228,0
scaffold_00,0,test,2217,2229,0
scaffold_00,0,test,2218,2230,0
scaffold_00,0,train,2219,2231,0
scaffold_00,0,train,2220,2232,0
scaffold_00,0,train,2221,2233,0
scaffold_00,0,test,2222,2234,0
scaffold_00,0,test,2223,2235,0
scaffold_00,0,train,2224,2236,0
scaffold_00,0,train,2225,2237,0
scaffold_00,0,train,2226,2238,0
scaffold_00,0,train,2227,2239,0
scaffold_00,0,train,2228,2240,0
scaffold_00,0,train,2229,2241,0
scaffold_00,0,train,2230,2242,0
scaffold_00,0,train,2231,2243,0
scaffold_00,0,test,2232,2244,0
scaffold_00,0,train,2233,2245,0
scaffold_00,0,train,2234,2246,0
scaffold_00,0,test,2235,2247,0
scaffold_00,0,train,2236,2248,0
scaffold_00,0,train,2237,2249,0
scaffold_00,0,train,2238,2250,0
scaffold_00,0,train,2240,2252,0
scaffold_00,0,train,2241,2253,0
scaffold_00,0,train,2242,2254,0
scaffold_00,0,test,2243,2255,0
scaffold_00,0,train,2244,2256,0
scaffold_00,0,train,2245,2257,0
scaffold_00,0,train,2246,2258,0
scaffold_00,0,train,2247,2259,0
scaffold_00,0,train,2248,2260,0
scaffold_00,0,test,2249,2261,0
scaffold_00,0,train,2250,2262,0
scaffold_00,0,train,2251,2263,0
scaffold_00,0,train,2252,2264,0
scaffold_00,0,train,2253,2265,0
scaffold_00,0,train,2254,2266,0
scaffold_00,0,test,2255,2267,0
scaffold_00,0,train,2256,2268,0
scaffold_00,0,train,2257,2269,0
scaffold_00,0,train,2259,2271,0
scaffold_00,0,train,2260,2272,0
scaffold_00,0,test,2261,2273,0
scaffold_00,0,test,2262,2274,0
scaffold_00,0,train,2264,2276,0
scaffold_00,0,train,2265,2277,0
scaffold_00,0,test,2266,2278,0
scaffold_00,0,test,2267,2279,0
scaffold_00,0,train,2268,2280,0
scaffold_00,0,test,2269,2281,0
scaffold_00,0,test,2270,2282,0
scaffold_00,0,train,2271,2283,0
scaffold_00,0,train,2273,2285,0
scaffold_00,0,train,2274,2286,0
scaffold_00,0,test,2275,2287,0
scaffold_00,0,train,2276,2288,0
scaffold_00,0,train,2277,2289,0
scaffold_00,0,train,2278,2290,0
scaffold_00,0,train,2279,2291,0
scaffold_00,0,train,2281,2293,0
scaffold_00,0,train,2282,2294,0
scaffold_00,0,test,2283,2295,0
scaffold_00,0,test,2284,2296,0
scaffold_00,0,train,2285,2297,0
scaffold_00,0,train,2286,2298,0
scaffold_00,0,test,2287,2299,0
scaffold_00,0,train,2288,2300,0
scaffold_00,0,train,2289,2301,0
scaffold_00,0,train,2292,2304,0
scaffold_00,0,train,2293,2305,0
scaffold_00,0,train,2294,2306,0
scaffold_00,0,train,2295,2307,0
scaffold_00,0,test,2296,2308,0
scaffold_00,0,train,2297,2309,0
scaffold_00,0,train,2298,2310,0
scaffold_00,0,train,2299,2311,0
scaffold_00,0,train,2300,2312,0
scaffold_00,0,train,2301,2313,0
scaffold_00,0,test,2302,2314,0
scaffold_00,0,train,2303,2315,0
scaffold_00,0,train,2304,2316,0
scaffold_00,0,train,2305,2317,0
scaffold_00,0,train,2306,2318,0
scaffold_00,0,test,2307,2319,0
scaffold_00,0,train,2308,2320,0
scaffold_00,0,test,2309,2321,0
scaffold_00,0,train,2312,2324,0
scaffold_00,0,train,2313,2325,0
scaffold_00,0,test,2314,2326,0
scaffold_00,0,train,2315,2327,0
scaffold_00,0,train,2316,2328,0
scaffold_00,0,train,2317,2329,0
scaffold_00,0,train,2318,2330,0
scaffold_00,0,train,2319,2331,0
scaffold_00,0,train,2321,2333,0
scaffold_00,0,test,2322,2334,0
scaffold_00,0,train,2323,2335,0
scaffold_00,0,test,2324,2336,0
scaffold_00,0,train,2326,2338,0
scaffold_00,0,train,2327,2339,0
scaffold_00,0,train,2328,2340,0
scaffold_00,0,train,2329,2341,0
scaffold_00,0,train,2331,2343,0
scaffold_00,0,train,2332,2344,0
scaffold_00,0,train,2333,2345,0
scaffold_00,0,train,2334,2346,0
scaffold_00,0,train,2335,2347,0
scaffold_00,0,train,2336,2348,0
scaffold_00,0,train,2337,2349,0
scaffold_00,0,train,2340,2352,0
scaffold_00,0,test,2341,2353,0
scaffold_00,0,train,2343,2355,0
scaffold_00,0,train,2344,2356,0
scaffold_00,0,train,2345,2357,0
scaffold_00,0,train,2346,2358,0
scaffold_00,0,test,2347,2359,0
scaffold_00,0,train,2348,2360,0
scaffold_00,0,train,2349,2361,0
scaffold_00,0,train,2350,2362,0
scaffold_00,0,test,2352,2364,0
scaffold_00,0,train,2353,2365,0
scaffold_00,0,train,2354,2366,0
scaffold_00,0,test,2355,2367,0
scaffold_00,0,train,2356,2368,0
scaffold_00,0,test,2357,2369,0
scaffold_00,0,train,2358,2370,0
scaffold_00,0,train,2359,2371,0
scaffold_00,0,train,2360,2372,0
scaffold_00,0,train,2361,2373,0
scaffold_00,0,test,2362,2374,0
scaffold_00,0,train,2363,2375,0
scaffold_00,0,test,2364,2376,0
scaffold_00,0,train,2365,2377,0
scaffold_00,0,train,2366,2378,0
scaffold_00,0,train,2367,2379,0
scaffold_00,0,test,2368,2380,0
scaffold_00,0,train,2369,2381,0
scaffold_00,0,train,2370,2382,0
scaffold_00,0,train,2371,2383,0
scaffold_00,0,train,2372,2384,0
scaffold_00,0,train,2373,2385,0
scaffold_00,0,train,2374,2386,0
scaffold_00,0,train,2376,2388,0
scaffold_00,0,train,2377,2389,0
scaffold_00,0,train,2378,2390,0
scaffold_00,0,test,2379,2391,0
scaffold_00,0,train,2380,2392,0
scaffold_00,0,test,2381,2393,0
scaffold_00,0,train,2383,2395,0
scaffold_00,0,test,2384,2396,0
scaffold_00,0,train,2385,2397,0
scaffold_00,0,train,2386,2398,0
scaffold_00,0,train,2387,2399,0
scaffold_00,0,test,2388,2400,0
scaffold_00,0,train,2389,2401,0
scaffold_00,0,train,2390,2402,0
scaffold_00,0,train,2391,2403,0
scaffold_00,0,test,2392,2404,0
scaffold_00,0,train,2393,2405,0
scaffold_00,0,train,2395,2407,0
scaffold_00,0,test,2396,2408,0
scaffold_00,0,test,2397,2409,0
scaffold_00,0,test,2398,2410,0
scaffold_00,0,train,2400,2412,0
scaffold_00,0,train,2401,2413,0
scaffold_00,0,train,2402,2414,0
scaffold_00,0,train,2404,2416,0
scaffold_00,0,train,2405,2417,0
scaffold_00,0,train,2406,2418,0
scaffold_00,0,train,2407,2419,0
scaffold_00,0,train,2408,2420,0
scaffold_00,0,test,2409,2421,0
scaffold_00,0,train,2410,2422,0
scaffold_00,0,train,2411,2423,0
scaffold_00,0,train,2413,2425,0
scaffold_00,0,train,2414,2426,0
scaffold_00,0,test,2415,2427,0
scaffold_00,0,test,2416,2428,0
scaffold_00,0,train,2417,2429,0
scaffold_00,0,train,2418,2430,0
scaffold_00,0,test,2420,2432,0
scaffold_00,0,test,2421,2433,0
scaffold_00,0,train,2422,2434,0
scaffold_00,0,train,2423,2435,0
scaffold_00,0,train,2425,2437,0
scaffold_00,0,test,2426,2438,0
scaffold_00,0,train,2427,2439,0
scaffold_00,0,test,2428,2440,0
scaffold_00,0,train,2429,2441,0
scaffold_00,0,train,2430,2442,0
scaffold_00,0,test,2436,2448,0
scaffold_00,0,train,2437,2449,0
scaffold_00,0,train,2438,2450,0
scaffold_00,0,train,2439,2451,0
scaffold_00,0,train,2440,2452,0
scaffold_00,0,train,2441,2453,0
scaffold_00,0,train,2442,2454,0
scaffold_00,0,train,2443,2455,0
scaffold_00,0,train,2444,2456,0
scaffold_00,0,test,2445,2457,0
scaffold_00,0,train,2446,2458,0
scaffold_00,0,train,2447,2459,0
scaffold_00,0,train,2448,2460,0
scaffold_00,0,train,2449,2461,0
scaffold_00,0,test,2454,2466,0
scaffold_00,0,train,2455,2467,0
scaffold_00,0,train,2456,2468,0
scaffold_00,0,train,2458,2470,0
scaffold_00,0,train,2459,2471,0
scaffold_00,0,train,2460,2472,0
scaffold_00,0,train,2461,2473,0
scaffold_00,0,test,2462,2474,0
scaffold_00,0,train,2463,2475,0
scaffold_00,0,train,2464,2476,0
scaffold_00,0,train,2465,2477,0
scaffold_00,0,train,2466,2478,0
scaffold_00,0,train,2467,2479,0
scaffold_00,0,train,2468,2480,0
scaffold_00,0,train,2469,2481,0
scaffold_00,0,test,2470,2482,0
scaffold_00,0,train,2471,2483,0
scaffold_00,0,train,2472,2484,0
scaffold_00,0,train,2473,2485,0
scaffold_00,0,train,2474,2486,0
scaffold_00,0,test,2475,2487,0
scaffold_00,0,train,2476,2488,0
scaffold_00,0,train,2477,2489,0
scaffold_00,0,test,2478,2490,0
scaffold_00,0,train,2479,2491,0
scaffold_00,0,test,2480,2492,0
scaffold_00,0,train,2481,2493,0
scaffold_00,0,train,2482,2494,0
scaffold_00,0,train,2483,2495,0
scaffold_00,0,train,2484,2496,0
scaffold_00,0,train,2485,2497,0
scaffold_00,0,test,2486,2498,0
scaffold_00,0,train,2488,2500,0
scaffold_00,0,train,2489,2501,0
scaffold_00,0,train,2490,2502,0
scaffold_00,0,train,2491,2503,0
scaffold_00,0,test,2492,2504,0
scaffold_00,0,train,2493,2505,0
scaffold_00,0,train,2494,2506,0
scaffold_00,0,train,2495,2507,0
scaffold_00,0,train,2496,2508,0
scaffold_00,0,train,2498,2510,0
scaffold_00,0,test,2499,2511,0
scaffold_00,0,train,2500,2512,0
scaffold_00,0,train,2501,2513,0
scaffold_00,0,train,2502,2514,0
scaffold_00,0,train,2503,2515,0
scaffold_00,0,train,2504,2516,0
scaffold_00,0,test,2505,2517,0
scaffold_00,0,train,2506,2518,0
scaffold_00,0,train,2507,2519,0
scaffold_00,0,train,2508,2520,0
scaffold_00,0,train,2509,2521,0
scaffold_00,0,train,2510,2522,0
scaffold_00,0,test,2511,2523,0
scaffold_00,0,train,2512,2524,0
scaffold_00,0,train,2513,2525,0
scaffold_00,0,train,2514,2526,0
scaffold_00,0,test,2515,2527,0
scaffold_00,0,train,2516,2528,0
scaffold_00,0,train,2517,2529,0
scaffold_00,0,train,2518,2530,0
scaffold_00,0,train,2519,2531,0
scaffold_00,0,train,2520,2532,0
scaffold_00,0,train,2521,2533,0
scaffold_00,0,train,2522,2534,0
scaffold_00,0,train,2523,2535,0
scaffold_00,0,train,2524,2536,0
scaffold_00,0,train,2525,2537,0
scaffold_00,0,train,2526,2538,0
scaffold_00,0,train,2527,2539,0
scaffold_00,0,train,2528,2540,0
scaffold_00,0,train,2529,2541,0
scaffold_00,0,train,2530,2542,0
scaffold_00,0,train,2531,2543,0
scaffold_00,0,train,2532,2544,0
scaffold_00,0,train,2533,2545,0
scaffold_00,0,train,2536,2548,0
scaffold_00,0,train,2538,2550,0
scaffold_00,0,train,2540,2552,0
scaffold_00,0,test,2541,2553,0
scaffold_00,0,train,2542,2554,0
scaffold_00,0,train,2543,2555,0
scaffold_00,0,train,2545,2557,0
scaffold_00,0,train,2546,2558,0
scaffold_00,0,train,2547,2559,0
scaffold_00,0,train,2548,2560,0
scaffold_00,0,train,2549,2561,0
scaffold_00,0,train,2550,2562,0
scaffold_00,0,train,2551,2563,0
scaffold_00,0,test,2552,2564,0
scaffold_00,0,train,2553,2565,0
scaffold_00,0,train,2554,2566,0
scaffold_00,0,train,2555,2567,0
scaffold_00,0,test,2556,2568,0
scaffold_00,0,test,2557,2569,0
scaffold_00,0,train,2558,2570,0
scaffold_00,0,test,2559,2571,0
scaffold_00,0,train,2560,2572,0
scaffold_00,0,test,2562,2574,0
scaffold_00,0,train,2563,2575,0
scaffold_00,0,test,2564,2576,0
scaffold_00,0,test,2565,2577,0
scaffold_00,0,train,2566,2578,0
scaffold_00,0,train,2568,2580,0
scaffold_00,0,test,2570,2582,0
scaffold_00,0,train,2571,2583,0
scaffold_00,0,train,2572,2584,0
scaffold_00,0,train,2573,2585,0
scaffold_00,0,train,2574,2586,0
scaffold_00,0,test,2575,2587,0
scaffold_00,0,train,2576,2588,0
scaffold_00,0,train,2577,2589,0
scaffold_00,0,train,2578,2590,0
scaffold_00,0,train,2579,2591,0
scaffold_00,0,train,2580,2592,0
scaffold_00,0,train,2581,2593,0
scaffold_00,0,train,2582,2594,0
scaffold_00,0,train,2583,2595,0
scaffold_00,0,train,2584,2596,0
scaffold_00,0,test,2585,2597,0
scaffold_00,0,test,2586,2598,0
scaffold_00,0,train,2588,2600,0
scaffold_00,0,train,2589,2601,0
scaffold_00,0,train,2590,2602,0
scaffold_00,0,train,2591,2603,0
scaffold_00,0,train,2592,2604,0
scaffold_00,0,train,2594,2606,0
scaffold_00,0,train,2595,2607,0
scaffold_00,0,test,2596,2608,0
scaffold_00,0,train,2597,2609,0
scaffold_00,0,train,2598,2610,0
scaffold_00,0,train,2599,2611,0
scaffold_00,0,test,2601,2613,0
scaffold_00,0,test,2602,2614,0
scaffold_00,0,test,2603,2615,0
scaffold_00,0,train,2604,2616,0
scaffold_00,0,test,2605,2617,0
scaffold_00,0,train,2606,2618,0
scaffold_00,0,test,2607,2619,0
scaffold_00,0,train,2609,2621,0
scaffold_00,0,train,2610,2622,0
scaffold_00,0,train,2611,2623,0
scaffold_00,0,test,2614,2626,0
scaffold_00,0,test,2615,2627,0
scaffold_00,0,train,2616,2628,0
scaffold_00,0,train,2617,2629,0
scaffold_00,0,train,2618,2630,0
scaffold_00,0,test,2619,2631,0
scaffold_00,0,train,2620,2632,0
scaffold_00,0,train,2621,2633,0
scaffold_00,0,train,2622,2634,0
scaffold_00,0,train,2623,2635,0
scaffold_00,0,train,2624,2636,0
scaffold_00,0,test,2625,2637,0
scaffold_00,0,train,2626,2638,0
scaffold_00,0,train,2627,2639,0
scaffold_00,0,train,2628,2640,0
scaffold_00,0,train,2629,2641,0
scaffold_00,0,test,2630,2642,0
scaffold_00,0,test,2631,2643,0
scaffold_00,0,test,2632,2644,0
scaffold_00,0,train,2633,2645,0
scaffold_00,0,test,2634,2646,0
scaffold_00,0,train,2636,2648,0
scaffold_00,0,train,2637,2649,0
scaffold_00,0,test,2638,2650,0
scaffold_00,0,train,2639,2651,0
scaffold_00,0,train,2640,2652,0
scaffold_00,0,train,2641,2653,0
scaffold_00,0,train,2642,2654,0
scaffold_00,0,train,2643,2655,0
scaffold_00,0,test,2644,2656,0
scaffold_00,0,train,2645,2657,0
scaffold_00,0,train,2646,2658,0
scaffold_00,0,train,2647,2659,0
scaffold_00,0,train,2648,2660,0
scaffold_00,0,train,2649,2661,0
scaffold_00,0,test,2650,2662,0
scaffold_00,0,train,2651,2663,0
scaffold_00,0,train,2652,2664,0
scaffold_00,0,train,2653,2665,0
scaffold_00,0,train,2654,2666,0
scaffold_00,0,train,2655,2667,0
scaffold_00,0,train,2656,2668,0
scaffold_00,0,test,2657,2669,0
scaffold_00,0,train,2658,2670,0
scaffold_00,0,train,2659,2671,0
scaffold_00,0,train,2660,2672,0
scaffold_00,0,train,2661,2673,0
scaffold_00,0,train,2662,2674,0
scaffold_00,0,train,2663,2675,0
scaffold_00,0,train,2664,2676,0
scaffold_00,0,test,2665,2677,0
scaffold_00,0,train,2666,2678,0
scaffold_00,0,test,2667,2679,0
scaffold_00,0,train,2668,2680,0
scaffold_00,0,train,2669,2681,0
scaffold_00,0,train,2670,2682,0
scaffold_00,0,test,2671,2683,0
scaffold_00,0,test,2672,2684,0
scaffold_00,0,train,2673,2685,0
scaffold_00,0,train,2674,2686,0
scaffold_00,0,train,2675,2687,0
scaffold_00,0,test,2676,2688,0
scaffold_00,0,train,2677,2689,0
scaffold_00,0,test,2678,2690,0
scaffold_00,0,train,2679,2691,0
scaffold_00,0,train,2680,2692,0
scaffold_00,0,train,2681,2693,0
scaffold_00,0,train,2682,2694,0
scaffold_00,0,train,2683,2695,0
scaffold_00,0,train,2684,2696,0
scaffold_00,0,train,2686,2698,0
scaffold_00,0,train,2687,2699,0
scaffold_00,0,train,2688,2700,0
scaffold_00,0,train,2690,2702,0
scaffold_00,0,test,2695,2707,0
scaffold_00,0,test,2696,2708,0
scaffold_00,0,train,2697,2709,0
scaffold_00,0,test,2700,2712,0
scaffold_00,0,train,2701,2713,0
scaffold_00,0,train,2702,2714,0
scaffold_00,0,test,2703,2715,0
scaffold_00,0,train,2704,2716,0
scaffold_00,0,test,2705,2717,0
scaffold_00,0,train,2706,2718,0
scaffold_00,0,train,2707,2719,0
scaffold_00,0,test,2708,2720,0
scaffold_00,0,train,2709,2721,0
scaffold_00,0,test,2710,2722,0
scaffold_00,0,test,2711,2723,0
scaffold_00,0,train,2712,2724,0
scaffold_00,0,train,2713,2725,0
scaffold_00,0,train,2714,2726,0
scaffold_00,0,train,2715,2727,0
scaffold_00,0,train,2716,2728,0
scaffold_00,0,train,2718,2730,0
scaffold_00,0,train,2719,2731,0
scaffold_00,0,train,2720,2732,0
scaffold_00,0,train,2721,2733,0
scaffold_00,0,test,2722,2734,0
scaffold_00,0,train,2723,2735,0
scaffold_00,0,train,2724,2736,0
scaffold_00,0,train,2725,2737,0
scaffold_00,0,train,2727,2739,0
scaffold_00,0,train,2728,2740,0
scaffold_00,0,train,2729,2741,0
scaffold_00,0,test,2730,2742,0
scaffold_00,0,train,2731,2743,0
scaffold_00,0,train,2732,2744,0
scaffold_00,0,test,2733,2745,0
scaffold_00,0,train,2735,2747,0
scaffold_00,0,train,2736,2748,0
scaffold_00,0,train,2737,2749,0
scaffold_00,0,train,2740,2752,0
scaffold_00,0,train,2741,2753,0
scaffold_00,0,train,2742,2754,0
scaffold_00,0,train,2744,2756,0
scaffold_00,0,train,2745,2757,0
scaffold_00,0,train,2746,2758,0
scaffold_00,0,train,2747,2759,0
scaffold_00,0,train,2749,2761,0
scaffold_00,0,train,2750,2762,0
scaffold_00,0,test,2751,2763,0
scaffold_00,0,train,2752,2764,0
scaffold_00,0,test,2753,2765,0
scaffold_00,0,train,2755,2767,0
scaffold_00,0,test,2756,2768,0
scaffold_00,0,train,2757,2769,0
scaffold_00,0,train,2758,2770,0
scaffold_00,0,test,2760,2772,0
scaffold_00,0,test,2761,2773,0
scaffold_00,0,train,2762,2774,0
scaffold_00,0,train,2763,2775,0
scaffold_00,0,train,2765,2777,0
scaffold_00,0,train,2766,2778,0
scaffold_00,0,train,2767,2779,0
scaffold_00,0,train,2769,2781,0
scaffold_00,0,train,2770,2782,0
scaffold_00,0,test,2771,2783,0
scaffold_00,0,test,2772,2784,0
scaffold_00,0,train,2773,2785,0
scaffold_00,0,train,2774,2786,0
scaffold_00,0,test,2775,2787,0
scaffold_00,0,train,2776,2788,0
scaffold_00,0,test,2777,2789,0
scaffold_00,0,train,2778,2790,0
scaffold_00,0,test,2779,2791,0
scaffold_00,0,train,2780,2792,0
scaffold_00,0,test,2781,2793,0
scaffold_00,0,train,2783,2795,0
scaffold_00,0,train,2784,2796,0
scaffold_00,0,train,2785,2797,0
scaffold_00,0,train,2786,2798,0
scaffold_00,0,train,2787,2799,0
scaffold_00,0,train,2788,2800,0
scaffold_00,0,train,2791,2803,0
scaffold_00,0,test,2793,2805,0
scaffold_00,0,train,2794,2806,0
scaffold_00,0,train,2795,2807,0
scaffold_00,0,train,2796,2808,0
scaffold_00,0,train,2800,2812,0
scaffold_00,0,train,2802,2814,0
scaffold_00,0,train,2803,2815,0
scaffold_00,0,test,2804,2816,0
scaffold_00,0,train,2805,2817,0
scaffold_00,0,train,2806,2818,0
scaffold_00,0,train,2807,2819,0
scaffold_00,0,train,2808,2820,0
scaffold_00,0,test,2809,2821,0
scaffold_00,0,train,2810,2822,0
scaffold_00,0,train,2812,2824,0
scaffold_00,0,train,2813,2825,0
scaffold_00,0,train,2814,2826,0
scaffold_00,0,train,2815,2827,0
scaffold_00,0,train,2817,2829,0
scaffold_00,0,train,2818,2830,0
scaffold_00,0,train,2819,2831,0
scaffold_00,0,train,2821,2833,0
scaffold_00,0,test,2822,2834,0
scaffold_00,0,test,2823,2835,0
scaffold_00,0,train,2824,2836,0
scaffold_00,0,train,2825,2837,0
scaffold_00,0,train,2826,2838,0
scaffold_00,0,train,2829,2841,0
scaffold_00,0,test,2830,2842,0
scaffold_00,0,train,2831,2843,0
scaffold_00,0,train,2833,2845,0
scaffold_00,0,train,2834,2846,0
scaffold_00,0,test,2835,2847,0
scaffold_00,0,train,2836,2848,0
scaffold_00,0,test,2837,2849,0
scaffold_00,0,train,2838,2850,0
scaffold_00,0,test,2839,2851,0
scaffold_00,0,test,2840,2852,0
scaffold_00,0,train,2841,2853,0
scaffold_00,0,train,2842,2854,0
scaffold_00,0,train,2844,2856,0
scaffold_00,0,train,2845,2857,0
scaffold_00,0,train,2846,2858,0
scaffold_00,0,train,2847,2859,0
scaffold_00,0,train,2848,2860,0
scaffold_00,0,train,2851,2863,0
scaffold_00,0,train,2852,2864,0
scaffold_00,0,test,2853,2865,0
scaffold_00,0,train,2854,2866,0
scaffold_00,0,train,2855,2867,0
scaffold_00,0,train,2856,2868,0
scaffold_00,0,train,2857,2869,0
scaffold_00,0,train,2858,2870,0
scaffold_00,0,test,2859,2871,0
scaffold_00,0,train,2860,2872,0
scaffold_00,0,train,2861,2873,0
scaffold_00,0,train,2863,2875,0
scaffold_00,0,train,2865,2877,0
scaffold_00,0,train,2866,2878,0
scaffold_00,0,train,2867,2879,0
scaffold_00,0,train,2868,2880,0
scaffold_00,0,test,2869,2881,0
scaffold_00,0,train,2870,2882,0
scaffold_00,0,train,2871,2883,0
scaffold_00,0,train,2872,2884,0
scaffold_00,0,test,2873,2885,0
scaffold_00,0,train,2874,2886,0
scaffold_00,0,train,2875,2887,0
scaffold_00,0,test,2876,2888,0
scaffold_00,0,train,2877,2889,0
scaffold_00,0,train,2879,2891,0
scaffold_00,0,train,2881,2893,0
scaffold_00,0,train,2882,2894,0
scaffold_00,0,train,2884,2896,0
scaffold_00,0,train,2885,2897,0
scaffold_00,0,train,2886,2898,0
scaffold_00,0,train,2887,2899,0
scaffold_00,0,train,2888,2900,0
scaffold_00,0,train,2889,2901,0
scaffold_00,0,train,2890,2902,0
scaffold_00,0,train,2891,2903,0
scaffold_00,0,train,2892,2904,0
scaffold_00,0,test,2894,2906,0
scaffold_00,0,train,2895,2907,0
scaffold_00,0,test,2896,2908,0
scaffold_00,0,test,2898,2910,0
scaffold_00,0,train,2900,2912,0
scaffold_00,0,train,2901,2913,0
scaffold_00,0,train,2902,2914,0
scaffold_00,0,train,2903,2915,0
scaffold_00,0,train,2904,2916,0
scaffold_00,0,train,2905,2917,0
scaffold_00,0,train,2906,2918,0
scaffold_00,0,train,2907,2919,0
scaffold_00,0,train,2908,2920,0
scaffold_00,0,test,2910,2922,0
scaffold_00,0,train,2911,2923,0
scaffold_00,0,train,2912,2924,0
scaffold_00,0,test,2913,2925,0
scaffold_00,0,train,2915,2927,0
scaffold_00,0,train,2916,2928,0
scaffold_00,0,train,2917,2929,0
scaffold_00,0,train,2918,2930,0
scaffold_00,0,train,2919,2931,0
scaffold_00,0,train,2920,2932,0
scaffold_00,0,train,2921,2933,0
scaffold_00,0,train,2922,2934,0
scaffold_00,0,train,2923,2935,0
scaffold_00,0,train,2924,2936,0
scaffold_00,0,train,2925,2937,0
scaffold_00,0,train,2926,2938,0
scaffold_00,0,train,2927,2939,0
scaffold_00,0,train,2928,2940,0
scaffold_00,0,train,2929,2941,0
scaffold_00,0,train,2930,2942,0
scaffold_00,0,train,2931,2943,0
scaffold_00,0,test,2932,2944,0
scaffold_00,0,train,2933,2945,0
scaffold_00,0,test,2934,2946,0
scaffold_00,0,test,2935,2947,0
scaffold_00,0,test,2936,2948,0
scaffold_00,0,train,2937,2949,0
scaffold_00,0,train,2938,2950,0
scaffold_00,0,train,2939,2951,0
scaffold_00,0,train,2940,2952,0
scaffold_00,0,train,2942,2954,0
scaffold_00,0,test,2943,2955,0
scaffold_00,0,train,2944,2956,0
scaffold_00,0,train,2945,2957,0
scaffold_00,0,test,2946,2958,0
scaffold_00,0,train,2947,2959,0
scaffold_00,0,test,2949,2961,0
scaffold_00,0,train,2950,2962,0
scaffold_00,0,train,2951,2963,0
scaffold_00,0,train,2952,2964,0
scaffold_00,0,test,2953,2965,0
scaffold_00,0,train,2954,2966,0
scaffold_00,0,test,2955,2967,0
scaffold_00,0,test,2956,2968,0
scaffold_00,0,train,2959,2971,0
scaffold_00,0,train,2960,2972,0
scaffold_00,0,train,2961,2973,0
scaffold_00,0,train,2962,2974,0
scaffold_00,0,test,2963,2975,0
scaffold_00,0,train,2964,2976,0
scaffold_00,0,train,2965,2977,0
scaffold_00,0,train,2966,2978,0
scaffold_00,0,train,2967,2979,0
scaffold_00,0,train,2968,2980,0
scaffold_00,0,train,2969,2981,0
scaffold_00,0,train,2970,2982,0
scaffold_00,0,train,2971,2983,0
scaffold_00,0,test,2972,2984,0
scaffold_00,0,train,2973,2985,0
scaffold_00,0,train,2975,2987,0
scaffold_00,0,train,2976,2988,0
scaffold_00,0,train,2977,2989,0
scaffold_00,0,train,2978,2990,0
scaffold_00,0,train,2979,2991,0
scaffold_00,0,train,2980,2992,0
scaffold_00,0,train,2981,2993,0
scaffold_00,0,train,2983,2995,0
scaffold_00,0,train,2984,2996,0
scaffold_00,0,train,2985,2997,0
scaffold_00,0,train,2986,2998,0
scaffold_00,0,train,2989,3001,0
scaffold_00,0,test,2990,3002,0
scaffold_00,0,train,2992,3004,0
scaffold_00,0,train,2993,3005,0
scaffold_00,0,train,2994,3006,0
scaffold_00,0,train,2995,3007,0
scaffold_00,0,train,2996,3008,0
scaffold_00,0,train,2997,3009,0
scaffold_00,0,test,2998,3010,0
scaffold_00,0,train,2999,3011,0
scaffold_00,0,test,3000,3012,0
scaffold_00,0,train,3001,3013,0
scaffold_00,0,train,3002,3014,0
scaffold_00,0,train,3003,3015,0
scaffold_00,0,train,3004,3016,0
scaffold_00,0,train,3005,3017,0
scaffold_00,0,test,3006,3018,0
scaffold_00,0,train,3007,3019,0
scaffold_00,0,train,3008,3020,0
scaffold_00,0,train,3009,3021,0
scaffold_00,0,test,3010,3022,0
scaffold_00,0,train,3011,3023,0
scaffold_00,0,train,3012,3024,0
scaffold_00,0,train,3014,3026,0
scaffold_00,0,train,3015,3027,0
scaffold_00,0,train,3018,3030,0
scaffold_00,0,train,3019,3031,0
scaffold_00,0,train,3020,3032,0
scaffold_00,0,train,3021,3033,0
scaffold_00,0,train,3022,3034,0
scaffold_00,0,test,3023,3035,0
scaffold_00,0,test,3024,3036,0
scaffold_00,0,train,3025,3037,0
scaffold_00,0,train,3026,3038,0
scaffold_00,0,train,3027,3039,0
scaffold_00,0,train,3028,3040,0
scaffold_00,0,train,3029,3041,0
scaffold_00,0,train,3030,3042,0
scaffold_00,0,test,3031,3043,0
scaffold_00,0,test,3032,3044,0
scaffold_00,0,train,3033,3045,0
scaffold_00,0,train,3034,3046,0
scaffold_00,0,test,3035,3047,0
scaffold_00,0,train,3036,3048,0
scaffold_00,0,train,3037,3049,0
scaffold_00,0,train,3038,3050,0
scaffold_00,0,train,3040,3052,0
scaffold_00,0,train,3041,3053,0
scaffold_00,0,train,3042,3054,0
scaffold_00,0,test,3043,3055,0
scaffold_00,0,train,3044,3056,0
scaffold_00,0,train,3045,3057,0
scaffold_00,0,test,3046,3058,0
scaffold_00,0,train,3047,3059,0
scaffold_00,0,train,3048,3060,0
scaffold_00,0,test,3049,3061,0
scaffold_00,0,train,3051,3063,0
scaffold_00,0,test,3052,3064,0
scaffold_00,0,train,3053,3065,0
scaffold_00,0,train,3054,3066,0
scaffold_00,0,train,3055,3067,0
scaffold_00,0,train,3056,3068,0
scaffold_00,0,train,3057,3069,0
scaffold_00,0,train,3058,3070,0
scaffold_00,0,train,3059,3071,0
scaffold_00,0,train,3061,3073,0
scaffold_00,0,train,3062,3074,0
scaffold_00,0,train,3063,3075,0
scaffold_00,0,train,3064,3076,0
scaffold_00,0,train,3065,3077,0
scaffold_00,0,train,3067,3079,0
scaffold_00,0,train,3068,3080,0
scaffold_00,0,train,3069,3081,0
scaffold_00,0,train,3070,3082,0
scaffold_00,0,train,3071,3083,0
scaffold_00,0,test,3072,3084,0
scaffold_00,0,train,3073,3085,0
scaffold_00,0,train,3074,3086,0
scaffold_00,0,train,3075,3087,0
scaffold_00,0,train,3077,3089,0
scaffold_00,0,test,3078,3090,0
scaffold_00,0,train,3079,3091,0
scaffold_00,0,test,3080,3092,0
scaffold_00,0,train,3081,3093,0
scaffold_00,0,train,3082,3094,0
scaffold_00,0,train,3083,3095,0
scaffold_00,0,train,3084,3096,0
scaffold_00,0,train,3085,3097,0
scaffold_00,0,train,3086,3098,0
scaffold_00,0,train,3087,3099,0
scaffold_00,0,train,3088,3100,0
scaffold_00,0,train,3089,3101,0
scaffold_00,0,test,3090,3102,0
scaffold_00,0,test,3092,3104,0
scaffold_00,0,test,3093,3105,0
scaffold_00,0,test,3094,3106,0
scaffold_00,0,test,3095,3107,0
scaffold_00,0,train,3096,3108,0
scaffold_00,0,train,3097,3109,0
scaffold_00,0,train,3099,3111,0
scaffold_00,0,test,3100,3112,0
scaffold_00,0,test,3101,3113,0
scaffold_00,0,test,3102,3114,0
scaffold_00,0,train,3103,3115,0
scaffold_00,0,train,3104,3116,0
scaffold_00,0,train,3105,3117,0
scaffold_00,0,train,3106,3118,0
scaffold_00,0,train,3107,3119,0
scaffold_00,0,train,3108,3120,0
scaffold_00,0,test,3109,3121,0
scaffold_00,0,train,3110,3122,0
scaffold_00,0,test,3111,3123,0
scaffold_00,0,train,3112,3124,0
scaffold_00,0,test,3113,3125,0
scaffold_00,0,train,3114,3126,0
scaffold_00,0,train,3115,3127,0
scaffold_00,0,test,3116,3128,0
scaffold_00,0,train,3117,3129,0
scaffold_00,0,train,3118,3130,0
scaffold_00,0,train,3119,3131,0
scaffold_00,0,train,3120,3132,0
scaffold_00,0,train,3121,3133,0
scaffold_00,0,train,3122,3134,0
scaffold_00,0,train,3123,3135,0
scaffold_00,0,train,3124,3136,0
scaffold_00,0,train,3125,3137,0
scaffold_00,0,train,3126,3138,0
scaffold_00,0,train,3127,3139,0
scaffold_00,0,test,3128,3140,0
scaffold_00,0,test,3129,3141,0
scaffold_00,0,test,3130,3142,0
scaffold_00,0,test,3132,3144,0
scaffold_00,0,test,3133,3145,0
scaffold_00,0,train,3134,3146,0
scaffold_00,0,train,3135,3147,0
scaffold_00,0,train,3136,3148,0
scaffold_00,0,train,3137,3149,0
scaffold_00,0,train,3138,3150,0
scaffold_00,0,train,3139,3151,0
scaffold_00,0,train,3140,3152,0
scaffold_00,0,train,3141,3153,0
scaffold_00,0,test,3142,3154,0
scaffold_00,0,train,3143,3155,0
scaffold_00,0,train,3144,3156,0
scaffold_00,0,train,3145,3157,0
scaffold_00,0,train,3147,3159,0
scaffold_00,0,test,3149,3161,0
scaffold_00,0,train,3150,3162,0
scaffold_00,0,test,3151,3163,0
scaffold_00,0,test,3152,3164,0
scaffold_00,0,train,3153,3165,0
scaffold_00,0,train,3154,3166,0
scaffold_00,0,train,3155,3167,0
scaffold_00,0,train,3156,3168,0
scaffold_00,0,train,3157,3169,0
scaffold_00,0,train,3158,3170,0
scaffold_00,0,train,3159,3171,0
scaffold_00,0,train,3160,3172,0
scaffold_00,0,train,3161,3173,0
scaffold_00,0,test,3162,3174,0
scaffold_00,0,test,3163,3175,0
scaffold_00,0,train,3164,3176,0
scaffold_00,0,train,3165,3177,0
scaffold_00,0,test,3166,3178,0
scaffold_00,0,train,3167,3179,0
scaffold_00,0,train,3170,3182,0
scaffold_00,0,train,3171,3183,0
scaffold_00,0,train,3172,3184,0
scaffold_00,0,train,3173,3185,0
scaffold_00,0,train,3174,3186,0
scaffold_00,0,train,3175,3187,0
scaffold_00,0,train,3176,3188,0
scaffold_00,0,train,3178,3190,0
scaffold_00,0,train,3179,3191,0
scaffold_00,0,train,3180,3192,0
scaffold_00,0,train,3181,3193,0
scaffold_00,0,train,3182,3194,0
scaffold_00,0,train,3183,3195,0
scaffold_00,0,train,3184,3196,0
scaffold_00,0,train,3185,3197,0
scaffold_00,0,train,3186,3198,0
scaffold_00,0,train,3187,3199,0
scaffold_00,0,train,3188,3200,0
scaffold_00,0,train,3189,3201,0
scaffold_00,0,train,3190,3202,0
scaffold_00,0,train,3191,3203,0
scaffold_00,0,test,3192,3204,0
scaffold_00,0,train,3193,3205,0
scaffold_00,0,train,3194,3206,0
scaffold_00,0,train,3195,3207,0
scaffold_00,0,test,3196,3208,0
scaffold_00,0,train,3197,3209,0
scaffold_00,0,train,3198,3210,0
scaffold_00,0,test,3199,3211,0
scaffold_00,0,test,3200,3212,0
scaffold_00,0,train,3201,3213,0
scaffold_00,0,test,3202,3214,0
scaffold_00,0,train,3203,3215,0
scaffold_00,0,train,3205,3217,0
scaffold_00,0,train,3206,3218,0
scaffold_00,0,train,3207,3219,0
scaffold_00,0,test,3209,3221,0
scaffold_00,0,train,3210,3222,0
scaffold_00,0,train,3211,3223,0
scaffold_00,0,train,3213,3225,0
scaffold_00,0,train,3214,3226,0
scaffold_00,0,train,3215,3227,0
scaffold_00,0,train,3216,3228,0
scaffold_00,0,train,3217,3229,0
scaffold_00,0,train,3218,3230,0
scaffold_00,0,train,3219,3231,0
scaffold_00,0,train,3220,3232,0
scaffold_00,0,train,3221,3233,0
scaffold_00,0,train,3222,3234,0
scaffold_00,0,train,3223,3235,0
scaffold_00,0,train,3224,3236,0
scaffold_00,0,test,3225,3237,0
scaffold_00,0,train,3226,3238,0
scaffold_00,0,train,3230,3242,0
scaffold_00,0,train,3231,3243,0
scaffold_00,0,test,3232,3244,0
scaffold_00,0,train,3233,3245,0
scaffold_00,0,train,3234,3246,0
scaffold_00,0,train,3236,3248,0
scaffold_00,0,train,3237,3249,0
scaffold_00,0,train,3238,3250,0
scaffold_00,0,train,3239,3251,0
scaffold_00,0,train,3240,3252,0
scaffold_00,0,test,3241,3253,0
scaffold_00,0,train,3242,3254,0
scaffold_00,0,train,3243,3255,0
scaffold_00,0,test,3244,3256,0
scaffold_00,0,test,3245,3257,0
scaffold_00,0,test,3247,3259,0
scaffold_00,0,train,3248,3260,0
scaffold_00,0,train,3249,3261,0
scaffold_00,0,train,3250,3262,0
scaffold_00,0,test,3251,3263,0
scaffold_00,0,train,3252,3264,0
scaffold_00,0,train,3253,3265,0
scaffold_00,0,test,3254,3266,0
scaffold_00,0,train,3256,3268,0
scaffold_00,0,train,3257,3269,0
scaffold_00,0,train,3258,3270,0
scaffold_00,0,train,3259,3271,0
scaffold_00,0,train,3260,3272,0
scaffold_00,0,train,3263,3275,0
scaffold_00,0,test,3264,3276,0
scaffold_00,0,test,3265,3277,0
scaffold_00,0,test,3266,3278,0
scaffold_00,0,test,3267,3279,0
scaffold_00,0,train,3268,3280,0
scaffold_00,0,test,3269,3281,0
scaffold_00,0,train,3270,3282,0
scaffold_00,0,train,3271,3283,0
scaffold_00,0,test,3272,3284,0
scaffold_00,0,test,3274,3286,0
scaffold_00,0,train,3275,3287,0
scaffold_00,0,train,3276,3288,0
scaffold_00,0,test,3277,3289,0
scaffold_00,0,train,3278,3290,0
scaffold_00,0,test,3279,3291,0
scaffold_00,0,train,3280,3292,0
scaffold_00,0,train,3281,3293,0
scaffold_00,0,test,3283,3295,0
scaffold_00,0,train,3284,3296,0
scaffold_00,0,train,3285,3297,0
scaffold_00,0,test,3286,3298,0
scaffold_00,0,train,3287,3299,0
scaffold_00,0,train,3288,3300,0
scaffold_00,0,test,3289,3301,0
scaffold_00,0,train,3290,3302,0
scaffold_00,0,train,3292,3304,0
scaffold_00,0,train,3293,3305,0
scaffold_00,0,test,3294,3306,0
scaffold_00,0,train,3296,3308,0
scaffold_00,0,train,3297,3309,0
scaffold_00,0,train,3298,3310,0
scaffold_00,0,train,3299,3311,0
scaffold_00,0,train,3300,3312,0
scaffold_00,0,train,3302,3314,0
scaffold_00,0,train,3303,3315,0
scaffold_00,0,train,3305,3317,0
scaffold_00,0,train,3306,3318,0
scaffold_00,0,train,3307,3319,0
scaffold_00,0,train,3308,3320,0
scaffold_00,0,train,3309,3321,0
scaffold_00,0,test,3310,3322,0
scaffold_00,0,test,3312,3324,0
scaffold_00,0,train,3313,3325,0
scaffold_00,0,train,3315,3327,0
scaffold_00,0,train,3316,3328,0
scaffold_00,0,train,3318,3330,0
scaffold_00,0,train,3319,3331,0
scaffold_00,0,train,3321,3333,0
scaffold_00,0,train,3322,3334,0
scaffold_00,0,train,3323,3335,0
scaffold_00,0,train,3324,3336,0
scaffold_00,0,train,3325,3337,0
scaffold_00,0,test,3326,3338,0
scaffold_00,0,train,3327,3339,0
scaffold_00,0,test,3328,3340,0
scaffold_00,0,train,3329,3341,0
scaffold_00,0,train,3330,3342,0
scaffold_00,0,train,3331,3343,0
scaffold_00,0,train,3332,3344,0
scaffold_00,0,train,3333,3345,0
scaffold_00,0,train,3334,3346,0
scaffold_00,0,train,3335,3347,0
scaffold_00,0,train,3336,3348,0
scaffold_00,0,test,3337,3349,0
scaffold_00,0,train,3338,3350,0
scaffold_00,0,train,3340,3352,0
scaffold_00,0,train,3341,3353,0
scaffold_00,0,train,3342,3354,0
scaffold_00,0,test,3343,3355,0
scaffold_00,0,train,3344,3356,0
scaffold_00,0,train,3345,3357,0
scaffold_00,0,train,3346,3358,0
scaffold_00,0,train,3347,3359,0
scaffold_00,0,train,3348,3360,0
scaffold_00,0,train,3349,3361,0
scaffold_00,0,test,3350,3362,0
scaffold_00,0,train,3351,3363,0
scaffold_00,0,train,3352,3364,0
scaffold_00,0,train,3353,3365,0
scaffold_00,0,test,3354,3366,0
scaffold_00,0,train,3355,3367,0
scaffold_00,0,train,3356,3368,0
scaffold_00,0,train,3357,3369,0
scaffold_00,0,train,3358,3370,0
scaffold_00,0,train,3359,3371,0
scaffold_00,0,train,3361,3373,0
scaffold_00,0,train,3363,3375,0
scaffold_00,0,train,3364,3376,0
scaffold_00,0,train,3365,3377,0
scaffold_00,0,test,3366,3378,0
scaffold_00,0,train,3367,3379,0
scaffold_00,0,train,3368,3380,0
scaffold_00,0,test,3369,3381,0
scaffold_00,0,train,3370,3382,0
scaffold_00,0,train,3371,3383,0
scaffold_00,0,train,3373,3385,0
scaffold_00,0,train,3375,3387,0
scaffold_00,0,train,3376,3388,0
scaffold_00,0,train,3377,3389,0
scaffold_00,0,train,3378,3390,0
scaffold_00,0,train,3379,3391,0
scaffold_00,0,train,3380,3392,0
scaffold_00,0,train,3381,3393,0
scaffold_00,0,train,3382,3394,0
scaffold_00,0,train,3383,3395,0
scaffold_00,0,train,3384,3396,0
scaffold_00,0,train,3385,3397,0
scaffold_00,0,train,3386,3398,0
scaffold_00,0,train,3387,3399,0
scaffold_00,0,train,3388,3400,0
scaffold_00,0,train,3389,3401,0
scaffold_00,0,train,3390,3402,0
scaffold_00,0,train,3391,3403,0
scaffold_00,0,test,3392,3404,0
scaffold_00,0,train,3393,3405,0
scaffold_00,0,train,3394,3406,0
scaffold_00,0,train,3395,3407,0
scaffold_00,0,train,3397,3409,0
scaffold_00,0,train,3399,3411,0
scaffold_00,0,train,3400,3412,0
scaffold_00,0,train,3401,3413,0
scaffold_00,0,train,3402,3414,0
scaffold_00,0,test,3403,3415,0
scaffold_00,0,train,3404,3416,0
scaffold_00,0,train,3405,3417,0
scaffold_00,0,test,3406,3418,0
scaffold_00,0,train,3407,3419,0
scaffold_00,0,test,3408,3420,0
scaffold_00,0,train,3409,3421,0
scaffold_00,0,train,3410,3422,0
scaffold_00,0,train,3411,3423,0
scaffold_00,0,train,3412,3424,0
scaffold_00,0,train,3413,3425,0
scaffold_00,0,train,3414,3426,0
scaffold_00,0,train,3415,3427,0
scaffold_00,0,train,3416,3428,0
scaffold_00,0,train,3417,3429,0
scaffold_00,0,train,3418,3430,0
scaffold_00,0,train,3419,3431,0
scaffold_00,0,test,3420,3432,0
scaffold_00,0,test,3421,3433,0
scaffold_00,0,train,3423,3435,0
scaffold_00,0,train,3424,3436,0
scaffold_00,0,train,3426,3438,0
scaffold_00,0,test,3427,3439,0
scaffold_00,0,train,3428,3440,0
scaffold_00,0,train,3429,3441,0
scaffold_00,0,train,3432,3444,0
scaffold_00,0,train,3434,3446,0
scaffold_00,0,train,3435,3447,0
scaffold_00,0,train,3436,3448,0
scaffold_00,0,train,3437,3449,0
scaffold_00,0,test,3438,3450,0
scaffold_00,0,train,3445,3457,0
scaffold_00,0,test,3446,3458,0
scaffold_00,0,train,3447,3459,0
scaffold_00,0,test,3448,3460,0
scaffold_00,0,train,3449,3461,0
scaffold_00,0,train,3450,3462,0
scaffold_00,0,train,3451,3463,0
scaffold_00,0,train,3452,3464,0
scaffold_00,0,test,3453,3465,0
scaffold_00,0,train,3454,3466,0
